site_name,year,lat,lon,alt_cm,n_pts
'Barrow_NSIDC',2017,71.3226835,-156.609999,52.1625,20
1,2013,68.881152,-150.730976,55.849999999999994,2
10,2013,68.99113,-150.625969,65.05000000000001,2
11,2013,68.947777,-150.671791,53.1,2
12,2013,68.950556,-150.835485,47.05,2
12Mi_815,2013,63.847364424285715,-145.71702244285714,44.714285714285715,28
13,2013,69.017626,-150.915936,48.849999999999994,2
14,2013,69.032527,-150.796653,45.75,2
15,2013,69.003587,-150.734651,63.599999999999994,2
16,2013,69.036425,-150.678506,57.9,2
17,2013,69.052827,-150.609415,49.3,2
18,2013,69.021547,-150.549971,62.3,2
19,2013,69.040767,-150.384684,61.199999999999996,2
2,2013,68.901161,-150.579065,65.1,2
20,2013,69.073889,-150.414931,65.85,2
21,2013,69.083073,-150.192424,55.2,2
22,2013,69.15909,-150.372051,38.85,2
23,2013,69.117951,-150.522133,65.65,2
24,2013,69.321175,-151.064796,45.3,1
25,2013,69.384466,-150.928384,57.25,2
26,2013,69.429722,-150.873225,53.1,2
27,2013,69.397455,-150.700217,63.099999999999994,2
28,2013,69.364545,-150.596434,52.150000000000006,2
29,2013,69.358039,-150.68531,62.8,2
3,2013,68.877721,-150.485307,66.9,2
30,2013,69.341872,-150.921334,57.150000000000006,2
31,2013,69.302733,-150.903301,57.099999999999994,2
32,2013,69.290306,-150.783888,59.2,2
33,2013,69.312696,-150.701603,47.3,2
34,2013,69.2796,-150.662435,56.75,2
35,2013,69.281249,-150.478394,47.15,2
36,2013,69.233693,-150.601337,56.65,2
37,2013,69.228117,-150.748094,52.9,2
38,2013,69.261326,-150.891772,54.3,2
39,2013,69.214349,-150.955404,68.65,2
4,2013,68.948905,-150.439662,65.8,2
40,2013,69.215311,-150.879409,58.65,2
41,2013,69.173131,-150.832241,58.099999999999994,2
42,2013,69.142566,-150.920629,42.95,2
43,2013,69.131161,-150.776315,59.85,2
44,2013,69.075018,-150.739097,58.95,2
45,2013,69.097619,-150.605476,57.8,2
46,2013,69.14942,-150.669112,58.8,2
47,2013,69.182426,-150.528724,59.65,2
48,2013,68.99021686746987,-150.28,44.33975903614458,83
49,2013,68.95,-150.21,40.28875,80
5,2013,68.920772,-150.036893,52.35,2
50,2013,68.92634146341464,-150.27,34.458536585365856,82
6,2013,68.906329,-150.233182,66.75,2
6B1_T1,2013,69.40127772459016,-150.9112671114754,60.0,244
7,2013,69.025704,-150.122863,43.4,2
8,2013,69.005575,-150.392413,57.099999999999994,2
9,2013,68.985278,-150.521837,67.6,1
B4_815,2013,63.92047600544554,-145.37822706534652,89.41584158415841,404
BL3,2014,64.38823886358209,-146.88148451741293,64.41487018089552,402
BS,2014,71.25482208557897,-156.56730072909522,42.56309938289645,24492
BS_HD_1,2014,71.26167323762377,-156.61665274257425,45.45544554455446,101
BS_HD_2,2014,71.2597224950495,-156.593639,28.544554455445546,101
BS_HD_3,2014,71.25689704950496,-156.56395824752477,37.10891089108911,101
BS_HD_4,2014,71.25552453465346,-156.549611,37.04950495049505,101
BS_HD_5,2014,71.2557040990099,-156.55343058415843,40.56435643564357,101
BS_HD_7,2014,71.24659714851485,-156.55991666336635,63.02970297029703,101
BW_SAR_FC,2013,71.28048177400001,-156.60040182142856,20.42142857142857,70
BW_SAR_HC,2013,71.274074674,-156.6309975,19.18,75
BW_SAR_LC,2013,71.28165157763637,-156.61043120727274,21.70909090909091,55
Balloon_3,2013,61.287984785742346,-162.86782381893164,73.5537982672329,5092
Balloon_3_HR,2013,61.28437480217821,-162.86494876237623,64.08910891089108,101
Balloon_4,2013,61.19713701578675,-162.78956910843687,68.15231789438148,3864
Balloon_4_HR,2013,61.196837922277226,-162.78751160990097,62.95049504950495,101
Barrow_NSIDC,2013,71.3226835,-156.609998325,52.1625,20
Basin Turnout,2013,68.63657193499999,-149.484645985,52.69,20
Basin_Turnout,2013,68.63488106961277,-149.48631803601845,48.31164405502167,10614
Basin_Turnout,2014,68.64166757493265,-149.47406970847362,45.823731762065094,1782
Big Hole,2014,69.11301246666667,-148.81908846666664,42.266666666666666,15
Big_Hole,2014,69.11345887728876,-148.86892857002815,50.72426496311506,13149
Bigmouth_0,2014,61.26798715645671,-163.23315477940753,64.68863669733679,6954
Bigmouth_1,2014,61.26661672092863,-163.2391938405897,63.98361679102232,14516
Bigmouth_1_HR1,2014,61.267622227722775,-163.22983747524754,65.93069306930693,101
Bigmouth_1_HR2,2014,61.26203857683168,-163.25117648514853,54.7029702970297,101
Bigmouth_2,2014,61.27233851170047,-163.23903232189286,61.87360038216588,3846
Bigmouth_2_HR,2014,61.27109994217821,-163.23680376237624,61.15841584158416,101
Bonanza Creek,2013,64.69587933333332,-148.32553683333333,43.3584229390681,279
Bottleneck,2014,61.27803815367667,-162.62968481988432,69.57116343798953,3631
Bottleneck_2,2014,61.278034,-162.630347,64.5,2
Bottleneck_HR,2014,61.278157939900005,-162.628575471,77.96,100
Burn,2023,61.29739625,-121.263921625,113.4,240
Burn,2024,61.297396451612904,-121.26392141129033,114.95161290322581,248
CF_821_1,2014,67.07900790732673,-150.35337017326734,49.277227722772274,404
CL,2014,71.3131931823833,-156.61306229721583,40.065781728278644,26543
CL_HD_1,2014,71.32102504705882,-156.61850437647058,58.752941176470586,85
CL_HD_2,2014,71.3109553069307,-156.62968052475247,37.0990099009901,101
CL_HD_3,2014,71.30484099009901,-156.61090274257427,33.15841584158416,101
CL_HD_4,2014,71.31635636633663,-156.61220830693068,40.15841584158416,101
CL_HD_5,2014,71.3147622970297,-156.59026501980196,37.445544554455445,101
CL_HD_6,2014,71.31084883168317,-156.58872504950494,37.26732673267327,101
CN_MM71,2013,64.85001775438596,-163.69407950877195,35.175438596491226,285
CP,2014,71.27309088206579,-156.63484051515928,35.230451076695786,3892
CP_HD_1,2014,71.27364226732674,-156.6388888811881,31.03960396039604,101
CV1.1,2022,68.7393959300001,-133.5132636,29.5,1
CV1.2,2022,68.73920545,-133.51262055,63.0,1
CV1.3,2022,68.73896241,-133.51341923,25.75,1
CV1.4,2022,68.73918172,-133.51387717,36.25,1
CV1.5,2022,68.7391746800001,-133.51345042,36.0,1
CV10.1,2022,68.74942586,-133.52351198,45.0,1
CV10.2,2022,68.7496203700001,-133.52414837,62.25,1
CV10.3,2022,68.7498236600001,-133.52348175,39.5,1
CV10.4,2022,68.7496074900001,-133.52301185,55.25,1
CV10.5,2022,68.74963792,-133.5235986,35.0,1
CV11.1,2022,68.31994669,-133.51854603,55.0,1
CV11.2,2022,68.3199781800001,-133.51776921,52.0,1
CV11.3,2022,68.3196722000001,-133.51761158,57.0,1
CV11.4,2022,68.3196518400001,-133.51873674,57.0,1
CV11.5,2022,68.3197877200001,-133.51807875,47.0,1
CV12.1,2022,68.3203044100001,-133.51743582,45.25,1
CV12.2,2022,68.32063571,-133.51740174,39.0,1
CV12.3,2022,68.32053625,-133.51674063,60.5,1
CV12.4,2022,68.32025516,-133.51667637,41.75,1
CV12.5,2022,68.3203603000001,-133.51692363,57.75,1
CV13.1,2022,68.3209547800001,-133.51545072,53.5,1
CV13.2,2022,68.3207825520001,-133.515026921,67.25,1
CV13.3,2022,68.32062276,-133.51566907,40.0,1
CV13.4,2022,68.320863398,-133.515932374,35.0,1
CV13.5,2022,68.3207966850001,-133.515547158,63.0,1
CV14.1,2022,68.3211338400001,-133.51569956,73.75,1
CV14.2,2022,68.3210237800001,-133.51641954,46.75,1
CV14.3,2022,68.32126916,-133.516681,45.0,1
CV14.4,2022,68.3213905100001,-133.51606984,60.0,1
CV14.5,2022,68.3212566000001,-133.51621603,59.25,1
CV15.1,2022,68.3205261900001,-133.51912092,62.75,1
CV15.2,2022,68.3207443800001,-133.51954577,27.25,1
CV15.3,2022,68.32093784,-133.51897004,48.5,1
CV15.4,2022,68.3206680100001,-133.51857597,41.25,1
CV15.5,2022,68.32069105,-133.519052,31.0,1
CV2.1,2022,68.7416622200001,-133.49682445,60.5,1
CV2.2,2022,68.7416108300001,-133.49595028,47.0,1
CV2.3,2022,68.74140193,-133.49610115,46.5,1
CV4.1,2022,68.743424264,-133.500939115,51.25,1
CV4.2,2022,68.7435639600001,-133.50151699,47.75,1
CV4.3,2022,68.7437999200001,-133.50133364,39.75,1
CV4.4,2022,68.7436753800001,-133.50074407,44.25,1
CV4.5,2022,68.74361265,-133.50106615,47.0,1
CV5.1,2022,68.7444994900001,-133.5019318,41.5,1
CV5.2,2022,68.7445564500001,-133.50259736,42.0,1
CV5.3,2022,68.7447684200001,-133.50229543,42.25,1
CV5.4,2022,68.7447611200001,-133.5017155,41.75,1
CV5.5,2022,68.74466913,-133.5020957,48.0,1
CV6.1,2022,68.74581562,-133.50407705,61.25,1
CV6.2,2022,68.74584271,-133.50487561,56.25,1
CV6.3,2022,68.7461000900001,-133.5051177,39.25,1
CV6.4,2022,68.7460922600001,-133.50434464,58.25,1
CV6.5,2022,68.74595786,-133.50463888,51.0,1
CV7.1,2022,68.7482273900001,-133.51781909,37.0,1
CV7.2,2022,68.7483689900001,-133.51850229,35.0,1
CV7.3,2022,68.7485415400001,-133.51815558,49.5,1
CV7.4,2022,68.7485015400001,-133.5177134,43.0,1
CV7.5,2022,68.7484212200001,-133.51794396,34.5,1
CV8.1,2022,68.75031175,-133.53852209,41.5,1
CV8.2,2022,68.75012861,-133.53803478,36.5,1
CV8.3,2022,68.7499554300001,-133.53846703,33.25,1
CV8.4,2022,68.7501093800001,-133.53904105,42.75,1
CV9.1,2022,68.7488021300001,-133.5304534,42.75,1
CV9.2,2022,68.7485435,-133.53025996,39.25,1
CV9.3,2022,68.74847944,-133.53079474,35.25,1
CV9.4,2022,68.74876493,-133.53115448,56.0,1
CV9.5,2022,68.7486098100001,-133.53064022,38.5,1
Creamer_823_1,2014,64.86990427653465,-147.73923293960397,61.91089108910891,404
Creamer_823_2,2014,64.87078966,-147.73961748613863,65.72277227722772,404
Creamers,2014,64.86948207283058,-147.739042393116,66.97619047619048,126
Creamers,2015,64.86948207283058,-147.739042393116,64.73809523809524,126
Creamers,2016,64.86948207283058,-147.739042393116,75.46825396825396,126
Creamers,2017,64.86948207283058,-147.739042393116,71.93650793650794,126
Creamers,2018,64.86948207283058,-147.739042393116,72.46031746031746,126
Creamers,2019,64.86948207283058,-147.739042393116,75.31746031746032,126
Creamers,2020,64.86948207283058,-147.739042393116,76.67460317460318,126
Creamers,2021,64.86948207283058,-147.739042393116,72.3015873015873,126
Creamers,2022,64.86948207283058,-147.739042393116,69.42063492063492,126
DH_B1,2018,70.1653,-148.4581,43.11764705882353,17
DH_B2,2018,70.1786,-148.4375,37.976190476190474,21
DJL,2014,64.86993526889519,-147.73916999943341,59.084804868017,353
Deadhorse_Airport,2018,70.1819374122807,-148.45789530701757,53.03622807017544,114
E1,2022,68.7390571500001,-133.51352505,63.75,1
E100,2022,68.31946614,-133.52000929,45.25,1
E101,2022,68.31965575,-133.51925547,56.25,1
E102,2022,68.31982579,-133.51902332,28.0,1
E103,2022,68.3200393600001,-133.51860462,37.75,1
E104,2022,68.32015685,-133.51836188,47.75,1
E105,2022,68.3202006500001,-133.51824581,48.75,1
E106,2022,68.32029228,-133.51801709,38.75,1
E107,2022,68.32037194,-133.5178265,42.75,1
E108,2022,68.32043035,-133.51775633,62.5,1
E109,2022,68.3206095900001,-133.51733724,38.75,1
E11,2022,68.7434982620001,-133.501235304,39.25,1
E110,2022,68.32065042,-133.51703764,34.75,1
E111,2022,68.3207512600001,-133.51696459,45.0,1
E112,2022,68.32102888,-133.51601049,69.75,1
E113,2022,68.32114834,-133.51580309,59.0,1
E114,2022,68.3212282100001,-133.51541427,74.25,1
E115,2022,68.3212552100001,-133.51505596,55.5,1
E116,2022,68.3213123,-133.51489672,91.75,1
E117,2022,68.3214537900001,-133.51422747,76.5,1
E118,2022,68.3213447100001,-133.51410967,55.25,1
E119,2022,68.32138631,-133.51425706,59.5,1
E12,2022,68.74367715,-133.50143002,54.0,1
E120,2022,68.3212552800001,-133.51455185,48.5,1
E121,2022,68.32117993,-133.51484289,43.5,1
E122,2022,68.3211373,-133.51514556,59.0,1
E123,2022,68.321061,-133.51539653,52.5,1
E124,2022,68.3210357400001,-133.51571631,56.5,1
E125,2022,68.32097322,-133.51602471,78.25,1
E126,2022,68.3209210200001,-133.51637722,40.75,1
E127,2022,68.3208726400001,-133.51650456,47.75,1
E128,2022,68.3207434700001,-133.5166981,37.75,1
E129,2022,68.3207052000001,-133.51679567,54.75,1
E130,2022,68.32046918,-133.51908366,84.5,1
E131,2022,68.3206030000001,-133.51934429,46.75,1
E132,2022,68.3203959300001,-133.5193192,65.25,1
E133,2022,68.32052745,-133.51954598,61.75,1
E134,2022,68.32036337,-133.51969762,65.0,1
E135,2022,68.3204199200001,-133.51982017,57.25,1
E136,2022,68.32026032,-133.51997718,37.75,1
E137,2022,68.32033433,-133.52014815,51.0,1
E138,2022,68.32029971,-133.52023491,44.0,1
E139,2022,68.3202793500001,-133.52051893,51.5,1
E140,2022,68.32007515,-133.52073357,36.75,1
E141,2022,68.32017992,-133.52091919,40.0,1
E142,2022,68.32000456,-133.52123084,45.5,1
E143,2022,68.3200648800001,-133.5214519,27.75,1
E144,2022,68.3198928,-133.52167476,50.25,1
E145,2022,68.3200310500001,-133.5217934,41.25,1
E146,2022,68.3198438700001,-133.52203978,32.5,1
E147,2022,68.3199384000001,-133.52229213,43.25,1
E148,2022,68.3197953000001,-133.52249793,38.0,1
E149,2022,68.31999284,-133.52267074,47.5,1
E15,2022,68.7445183500001,-133.50222462,47.5,1
E150,2022,68.3196329900001,-133.5229152,50.0,1
E151,2022,68.31981384,-133.5229601,39.25,1
E16,2022,68.7446807300001,-133.50255219,48.5,1
E17,2022,68.74477883,-133.50206721,48.75,1
E18,2022,68.74463518,-133.50177558,43.75,1
E19,2022,68.7458326700001,-133.50445614,58.75,1
E2,2022,68.73927619,-133.5136368,38.25,1
E20,2022,68.7459607600001,-133.50498457,48.5,1
E21,2022,68.7461177000001,-133.5047312,46.5,1
E22,2022,68.7459651500001,-133.50426525,59.5,1
E23,2022,68.75023803,-133.53835243,64.0,1
E24,2022,68.7500353500001,-133.53822537,44.75,1
E25,2022,68.7500223600001,-133.53893222,30.75,1
E26,2022,68.75021108,-133.53877345,40.0,1
E27,2022,68.74865722,-133.53031267,41.25,1
E28,2022,68.7485165,-133.53049477,35.5,1
E29,2022,68.7486604800001,-133.530945,40.25,1
E3,2022,68.741666604,-133.496421691,34.0,1
E30,2022,68.7487589300001,-133.53081353,38.0,1
E31,2022,68.7495218500001,-133.52372585,61.75,1
E32,2022,68.74974246,-133.52378605,46.25,1
E33,2022,68.7497321100001,-133.52325285,46.75,1
E34,2022,68.74946716,-133.52325411,40.5,1
E35,2022,68.7482999100001,-133.51817078,39.25,1
E36,2022,68.7484649400001,-133.51831585,54.0,1
E37,2022,68.7485514200001,-133.51791119,40.0,1
E38,2022,68.74838666,-133.51769949,42.0,1
E4,2022,68.7415073450001,-133.49603037,63.0,1
E5,2022,68.741384488,-133.496444442,46.75,1
E53,2022,68.3199293800001,-133.51801233,41.5,1
E54,2022,68.3198256100001,-133.51766603,51.0,1
E55,2022,68.3196860400001,-133.51819694,54.75,1
E56,2022,68.3197983700001,-133.51855893,48.75,1
E57,2022,68.3204684500001,-133.51744816,39.25,1
E58,2022,68.32049677,-133.51724583,33.25,1
E59,2022,68.32038398,-133.51661921,36.5,1
E6,2022,68.7415300960001,-133.496799362,25.75,1
E60,2022,68.3202691100001,-133.5170576,91.5,1
E61,2022,68.320891203,-133.515245687,36.25,1
E62,2022,68.32068859,-133.51528884,36.0,1
E63,2022,68.3207673800001,-133.51574334,39.5,1
E64,2022,68.3209011440001,-133.515634162,64.0,1
E65,2022,68.3211004,-133.51603925,67.5,1
E66,2022,68.3212024100001,-133.51657173,39.5,1
E67,2022,68.3213178,-133.51636756,76.25,1
E68,2022,68.3212586000001,-133.51579544,61.75,1
E69,2022,68.32069217,-133.51957118,35.25,1
E70,2022,68.32082545,-133.519385,35.75,1
E71,2022,68.32074315,-133.51866529,39.75,1
E72,2022,68.3205846800001,-133.51887635,35.0,1
E73,2022,68.31711876,-133.52435869,83.75,1
E74,2022,68.31705357,-133.52377744,89.5,1
E75,2022,68.31704233,-133.52332907,53.0,1
E76,2022,68.31705952,-133.52309371,43.75,1
E77,2022,68.3170559700001,-133.52283343,54.75,1
E78,2022,68.3170534500001,-133.52257152,45.5,1
E79,2022,68.3170699500001,-133.52211538,54.25,1
E80,2022,68.3170583900001,-133.52199025,48.75,1
E81,2022,68.3170786200001,-133.5217079,38.5,1
E82,2022,68.31714917,-133.52153366,55.5,1
E83,2022,68.3172689200001,-133.5215476,33.75,1
E84,2022,68.3174323700001,-133.52151644,35.0,1
E85,2022,68.3174694800001,-133.52125659,32.25,1
E86,2022,68.31765047,-133.52128531,51.5,1
E87,2022,68.3177535400001,-133.52127023,52.75,1
E88,2022,68.3178714200001,-133.52104824,54.75,1
E89,2022,68.31810017,-133.52090664,59.5,1
E90,2022,68.3181863,-133.52078465,58.75,1
E91,2022,68.31830732,-133.5208012,41.5,1
E92,2022,68.31847243,-133.52053874,52.5,1
E93,2022,68.31858735,-133.52054596,51.0,1
E94,2022,68.31877732,-133.52044393,40.25,1
E95,2022,68.3188908500001,-133.52037396,45.75,1
E96,2022,68.31907758,-133.52008251,52.25,1
E97,2022,68.3192201200001,-133.52011244,71.5,1
E98,2022,68.31932128,-133.51992771,58.75,1
E99,2022,68.3194044800001,-133.51991609,60.75,1
Eight Mile Lake,2013,63.880267,-149.256135,42.75627240143369,279
Eight_Mile_Lake-CiPEHR,2022,63.88337366666666,-149.22749133333346,50.5,110
Eight_Mile_Lake-Gradient Extensive,2022,63.87993233333334,-149.25590899999997,55.627272727272725,110
Eight_Mile_Lake-Gradient Minimal,2022,63.8770336666667,-149.24789466666655,52.627272727272725,110
Eight_Mile_Lake-Gradient Moderate,2022,63.878797,-149.25426766666652,65.82727272727273,110
Emmits_Hill,2014,68.712269441,-149.84443865,32.8,40
FB_B1_FB_B2,2018,69.674361,-148.707306,41.38095238095238,21
FB_B1a,2018,69.674333,-148.707694,37.666666666666664,21
FB_B2,2018,70.03275,-148.641444,43.59090909090909,11
FL,2014,64.87484221776081,-147.6815421244275,63.47210403982188,393
Farmers-T1,2005,64.87720147509488,-147.67786743962645,80.0990099009901,101
Farmers-T1,2007,64.87720147509488,-147.67786743962645,72.93069306930693,101
Farmers-T1,2010,64.87720147509488,-147.67786743962645,77.02970297029702,101
Farmers-T1,2014,64.87720147509488,-147.67786743962645,78.2871287128713,101
Farmers-T1,2017,64.87720147509488,-147.67786743962645,72.85148514851485,202
Farmers-T1,2018,64.87720147509488,-147.67786743962645,72.79207920792079,101
Farmers-T1,2019,64.87720147509488,-147.67786743962645,66.21782178217822,101
Farmers-T1,2021,64.87720147509488,-147.67786743962645,77.88118811881188,101
FarmersT2,2005,64.87474793845091,-147.68062698975478,98.5079365079365,126
FarmersT2,2007,64.87474793845091,-147.68062698975478,80.65873015873017,126
FarmersT2,2010,64.87474793845091,-147.68062698975478,88.21428571428571,126
FarmersT2,2011,64.87474793845091,-147.68062698975478,88.72222222222223,126
FarmersT2,2014,64.87474793845091,-147.68062698975478,98.07936507936508,126
FarmersT2,2017,64.87474793845091,-147.68062698975478,84.5952380952381,126
FarmersT2,2019,64.87474793845091,-147.68062698975478,72.15873015873017,126
FarmersT2,2021,64.87474793845091,-147.68062698975478,96.23015873015873,126
Galbraith,2014,68.47687129411231,-149.50112855322934,51.62007800312013,3205
Galbraith Lake,2014,68.47679601,-149.50161367,50.9,10
Gradient,2014,61.35481120820999,-163.09648841128873,67.79467644128675,5067
Gradient_HR,2014,61.353671002222214,-163.0971033049383,69.29629629629629,81
HV,2017,69.15414558766726,-148.8430011095611,25.5922131147541,244
HV,2018,69.15414558766726,-148.84300110956107,40.62903225806452,62
HV,2019,69.15414558766726,-148.8430011095611,45.614754098360656,122
HV_B1,2018,69.1591,-148.8291,41.023809523809526,21
HV_B2,2018,69.1467,-148.8383,37.07142857142857,21
Happy Valley,2014,69.149370425,-148.84372875,40.075,4
Happy_Valley,2014,69.14899888020108,-148.84273865440835,24.688913379737045,2586
Hess Creek Burned,2013,65.5687975,-148.92367566666667,55.18817204301075,186
Hess Creek Unburned,2013,65.56736563597121,-148.92543272410072,36.53237410071942,278
Holding Pond,2014,68.98135,-148.83099,88.0,1
IC,2017,69.04047977448829,-148.8298084182206,47.45217391304348,115
IC,2018,69.0404850471795,-148.82981343113048,52.193548387096776,62
IC,2019,69.04048701872688,-148.82981844067947,55.598710743801654,121
I_Minus High,2013,68.55734856567163,-149.5327518589552,40.15298507462686,268
I_Minus Low,2013,68.55941443253012,-149.51596157911646,31.867469879518072,249
J1,2019,61.30991,-121.29751,55.8333333333333,1
J2,2019,61.31016,-121.29745,104.0,1
J3,2019,61.31034,-121.29743,89.0,1
J4,2019,61.31046,-121.29745,62.3333333333333,1
J5,2019,61.31069,-121.29745,67.6666666666667,1
J6,2019,61.31087,-121.29745,54.0,1
J7,2019,61.31106,-121.29745,51.0,1
K2,2019,61.31009,-121.29716,86.5,1
K4,2019,61.31051,-121.29711,129.0,1
K5,2019,61.31068,-121.29713,55.3333333333333,1
K6,2019,61.31085,-121.29707,72.3333333333333,1
KG_MM64,2013,65.16379596107056,-164.82148598540147,38.031630170316305,411
KT-1,2017,67.90975769230769,-139.69646538461538,34.37692307692308,156
KT-1,2018,67.90975769230769,-139.69646538461538,34.49038461538461,156
KT-1,2021,67.90975769230769,-139.69646538461538,40.46153846153846,78
KT-1,2022,67.90975769230769,-139.69646538461538,36.65384615384615,78
KT-2,2017,67.9003103846154,-139.73397615384616,36.78076923076923,156
KT-2,2018,67.9003103846154,-139.73397615384616,30.759615384615383,156
KT-2,2022,67.9003103846154,-139.73397615384616,39.92307692307692,78
KT-3,2017,67.90061961538461,-139.736195,31.346153846153847,156
KT-3,2018,67.90061961538461,-139.736195,24.14423076923077,156
KT-3,2022,67.90061961538461,-139.736195,29.53846153846154,78
KT-4,2017,67.84108884615385,-139.75622307692308,32.99884615384615,156
KT-4,2018,67.84108884615385,-139.75622307692308,28.28846153846154,156
KT-4,2022,67.84108884615385,-139.75622307692308,44.76923076923077,78
KT-5,2017,67.84145730769231,-139.75842615384616,34.42307692307692,156
KT-5,2018,67.84145730769231,-139.75842615384616,28.442307692307693,156
KT-5,2022,67.84145730769231,-139.75842615384616,51.23076923076923,78
KT-6,2017,67.84170423076924,-139.76171423076923,57.05769230769231,78
KT-6,2018,67.84170423076924,-139.76171423076923,42.67307692307692,156
KT-6,2021,67.84170423076924,-139.76171423076923,76.5,78
KT-6,2022,67.84167913043478,-139.76170608695654,73.52173913043478,69
KT-OCF55,2022,67.84175,-139.76142,79.25,12
KT-OCF55T,2022,67.841126,-139.75792199999998,39.8,15
KT-OCFE,2022,67.931868,-139.44606800000003,33.6,15
KT-OCFF,2022,67.910036,-139.6971,58.4,15
KT-OCFJD2,2022,67.92115,-139.47896666666668,117.66666666666667,9
KT-PR2CM,2022,67.920584,-139.431112,46.4,15
KT-PR2CT,2022,67.91811,-139.40756199999998,33.0,15
KT-PR2SD,2022,67.92478,-139.374796,40.6,15
KT-PR3C,2022,67.92632,-139.353982,32.4,15
KT-PR3M,2022,67.929194,-139.348344,37.0,15
L1,2019,61.30999,-121.29675,101.666666666667,1
L2,2019,61.31013,-121.2967,94.6666666666667,1
L3,2019,61.31034,-121.29667,99.6666666666667,1
L4,2019,61.31052,-121.29671,45.6666666666667,1
L5,2019,61.31069,-121.29668,52.6666666666667,1
L6,2019,61.31086,-121.29666,56.0,1
Lins_Lake,2018,70.13677699043478,-148.65148832289856,63.89281163362318,690
Lins_Lake,2019,70.13812294102564,-148.66474600128205,44.19974371153846,78
Lins_Lake,2020,70.13825179999999,-148.66551863333333,37.928332983333334,6
M1,2019,61.30996,-121.29629,89.6666666666667,1
M2,2019,61.31016,-121.29633,61.0,1
Max ALT,2014,68.65585787272727,-149.24541136363635,42.63636363636363,11
Max_ALT,2014,68.65538140276166,-149.24216718379282,44.57829693280821,8379
MegaSpot,2014,69.06626208017471,-148.78874089074657,54.73482783138649,9845
MegaSpot,2015,69.069985112,-148.79149144000002,58.524,10
MegaSpot,2016,69.07088304595645,-148.79750106631352,54.67912301353737,5097
Megaspot,2014,69.06548783333334,-148.7859305,47.40833333333333,12
Megaspot,2016,69.0711202,-148.7946324,49.739999999999995,5
Melting_Polygons,2016,68.91642298501621,-148.84759535722617,51.44527543745949,1543
Mod,2013,68.95141278,-150.2115191,62.431372549019606,102
Mod,2018,68.9518255925,-150.211069136,62.431372549019606,51
Mod_Burn,2016,68.95183501333334,-150.2105579137255,59.254901960784316,204
N1,2019,61.30998,-121.29597,80.5,1
N7,2019,61.31104,-121.29588,57.3333333333333,1
NOAT,2016,67.97959100840336,-160.73843027310923,38.36239495798319,952
NOAT,2018,68.0386805882353,-159.75581921568627,42.59068627450981,612
NR_818_1,2016,68.6476246952381,-149.39043996190478,42.523809523809526,84
NR_818_2,2016,68.64787404,-149.3872538,59.19047619047619,84
NR_818_3,2016,68.64818351047619,-149.3836481,49.333333333333336,84
NR_818_4,2016,68.64846657999999,-149.3785109526316,47.10526315789474,76
NR_818_5,2016,68.64846578950001,-149.37471903,46.5,80
NR_818_6,2016,68.6483653665,-149.37037264999998,44.65,80
NR_818_7,2016,68.64831022785714,-149.36307497857143,56.285714285714285,56
NR_819_1,2016,68.6485426252381,-149.35677445714288,58.95238095238095,84
NR_819_2,2016,68.64880217,-149.35523422380953,57.42857142857143,84
NR_819_3,2016,68.64938056619047,-149.35172505714286,53.19047619047619,84
NR_819_4,2016,68.64963599047618,-149.34985095714288,67.76190476190476,84
NR_819_random,2016,68.64796935736842,-149.3788459763158,55.63157894736842,152
NS,2017,69.37261072727273,-148.73306745454545,34.10363636363636,55
NS,2018,69.3702355,-148.736463625,44.7225,240
New Site,2016,68.54613371666666,-149.49003333333334,50.333333333333336,6
New_Site,2016,68.54573671505167,-149.49033374457366,38.9275968992248,774
Nome Creek Burned Old,2013,65.340041,-146.91024716666666,19.516129032258064,93
Nome Creek Unburned Old,2013,65.3403470469314,-146.91993514801445,37.09747292418773,277
North Ridge,2016,68.64862118965517,-149.3513294137931,47.724137931034484,29
North Slope,2017,71.27836680553452,-156.61468097226432,20.464646464646464,198
North_Ridge,2016,68.64814135483871,-149.36124316168858,50.93282357626444,2511
North_Slope,2017,71.27826318297872,-156.61513920851064,22.74340425531915,1175
O1,2019,61.30993,-121.29547,84.0,1
O2,2019,61.31016,-121.29556,100.333333333333,1
O3,2019,61.31032,-121.29552,59.0,1
O4,2019,61.31052,-121.29556,136.666666666667,1
P1,2019,61.30995,-121.29518,88.3333333333333,1
P2,2019,61.31011,-121.29509,87.0,1
P3,2019,61.31032,-121.29517,67.6666666666667,1
PT_824_1,2016,64.95098604326733,-147.61534447920792,68.75247524752476,404
Permafrost Tunnel,2014,64.95085903969485,-147.61685349393173,71.58415841584159,101
Permafrost Tunnel,2015,64.95085903969485,-147.61685349393173,69.39603960396039,101
Permafrost Tunnel,2016,64.95085903969485,-147.61685349393173,79.34653465346534,101
Permafrost Tunnel,2017,64.9508593981241,-147.61689060838256,77.34375,96
Permafrost Tunnel,2018,64.95086286833067,-147.61685896711694,80.88172043010752,93
Permafrost Tunnel,2019,64.95086829741567,-147.61674479143375,90.85714285714286,98
Permafrost Tunnel,2020,64.95086526430427,-147.61678095931998,96.91919191919192,99
Permafrost Tunnel,2021,64.95086526430427,-147.61678095931998,97.64646464646465,99
Permafrost Tunnel,2022,64.95086153520806,-147.61686298286492,94.3578947368421,95
Pipeline Pond,2016,68.95215,-148.8761,46.3,2
Polygons,2016,68.78868,-148.85028,60.3,1
Pump 3 Turnout,2016,68.85011499999999,-148.828895,54.5,2
Q1,2019,61.30999,-121.29482,86.0,1
Q2,2019,61.31018,-121.29482,77.6666666666667,1
Q3,2019,61.31034,-121.29481,57.0,1
Q5,2019,61.31067,-121.29474,53.5,1
Q6,2019,61.31085,-121.29476,157.0,1
R2,2019,61.31011,-121.29438,63.0,1
R3,2019,61.31033,-121.29448,55.3333333333333,1
Reed_1,2016,61.17192785097038,-162.77503483758937,68.66539936512054,9790
Reed_1_HR,2016,61.17036775409836,-162.77038021311475,66.1639344262295,61
Reed_2,2016,61.17987240250696,-162.77846486072423,72.74031297920148,4308
Reed_2_HR,2016,61.178017744455445,-162.778509519802,60.73267326732673,101
Reed_3,2016,61.182583742105265,-162.7858071086316,65.21384530061789,9500
Reed_3_HR,2016,61.1857405154,-162.789567807,70.73,100
Reed_4,2016,61.17377950736683,-162.78288143294296,64.95692669291273,5294
Reed_4_HR,2016,61.1726685819802,-162.7865624118812,60.960396039603964,101
Rolling Hills,2016,69.1231616,-148.83994205555555,40.74444444444444,9
Rolling_Hills,2016,69.1204877766035,-148.837460206414,27.75587463556851,686
Rolling_Hills,2017,69.12639264752602,-148.84324490584467,32.45955964771817,2498
S1,2019,61.30996,-121.29407,55.0,1
S2,2019,61.31032,-121.29406,58.6666666666667,1
SC2,2018,62.697240985321336,-141.14274408251927,56.287403155758355,389
SEWP,2017,65.41778114006514,-164.65042970032573,58.12312703583061,614
SG,2017,69.42357942474335,-148.68813199640937,45.875,160
SG,2018,69.42355306672265,-148.6880066847545,52.36082474226804,97
SG,2019,69.4235405034748,-148.68814921126298,54.88648648648649,185
SM_819_1,2018,68.71495909090909,-149.02959181818184,47.18181818181818,44
SS3-200,2008,60.95744,-117.34259,62.33333333,1
SS3-200,2009,60.95724,-117.34153,66.4583333325,4
SS3-29,2012,60.94967280000001,-117.3738926,66.133333334,5
SS3-64,2012,60.9209875,-117.0252475,115.0,4
SS3-65,2012,60.856563333333334,-117.02306166666666,96.89999999999999,6
SS3-Val205,2012,60.96918,-117.29615,59.0,1
SS50-200,2012,60.957764,-117.160314,93.066666668,5
SS50-200,2013,60.95797,-117.16102,100.0,1
Sedge-2A,2017,69.607993,-148.651133,60.75,8
Sedge-3A,2017,69.66303,-148.7127,53.625,8
Sev 1,2013,68.99675103,-150.2815055,57.64705882352941,102
Sev 1,2018,68.997172865,-150.281096011,57.64705882352941,51
Sev N,2013,69.0742031,-150.4039689,49.10204081632653,98
Sev N,2018,69.07437433932816,-150.40278664785305,49.10204081632653,49
Severe_Burn,2018,68.99551194921568,-150.28117764117647,72.49019607843137,204
Seward,2017,64.89609713318285,-165.12461243792325,50.390970654627544,1329
Seward Peninsula,2017,64.92686025770602,-164.89324940166665,34.46083333333333,360
Seward Peninsula,2019,64.93621454152117,-165.43486835190146,78.51934523809524,1008
Seward Peninsula,2022,64.91902579728668,-165.20754533585526,49.239234449760765,836
T1,2019,61.30997,-121.29371,102.0,1
T2,2019,61.31011,-121.2937,64.3333333333333,1
TL_MM27,2013,64.74302984202212,-165.96550794628752,65.26635071090047,633
Thermokarst,2018,68.967559015,-150.24913088461537,58.11538461538461,104
Thermokarst site,2018,68.9166384,-148.8478998,47.3,5
Tussock-1A,2017,69.353938,-148.749669,60.0,4
U1,2019,61.30995,-121.29335,88.0,1
U2,2019,61.3101,-121.29332,74.6666666666667,1
U3,2019,61.31031,-121.29332,66.3333333333333,1
U5,2019,61.31065,-121.29329,71.5,1
U6,2019,61.31084,-121.29329,62.3333333333333,1
UB2_814,2018,63.815722188019805,-144.95607697821782,54.722772277227726,404
UNB,2018,71.26311216730038,-156.82186881284326,33.26145979602873,2367
Unb,2013,68.9344853,-150.2728053,48.76470588235294,102
Unb,2018,68.9348938,-150.2722799025,48.76470588235294,51
Unb N,2013,69.04042677,-150.4120252,50.6078431372549,102
Unb N,2018,69.040544798,-150.4132236035,50.6078431372549,51
Unburn,2018,68.93369897588235,-150.2710844862745,55.98039215686274,204
Unburn,2023,61.29750630379747,-121.26211055696201,108.74683544303798,237
Unburn,2024,61.29750022040817,-121.26211523265306,103.43061224489796,245
V4,2019,61.31046,-121.29294,53.3333333333333,1
V5,2019,61.31065,-121.29295,60.3333333333333,1
V6,2019,61.31083,-121.29294,56.3333333333333,1
VALSS13013,2022,60.736161333333335,-116.49760750000002,74.5,90
VALSS1302,2022,60.86926266666667,-116.7283055,79.33333333333333,90
VALSS1303,2022,60.8661235,-116.716615,90.0,30
VALSS31,2022,60.94050466101695,-117.38706806779662,47.86440677966102,59
VALSS32,2022,60.969105666666664,-117.30966916666668,59.166666666666664,90
VALSS3205,2022,60.96910266666667,-117.29656633333333,98.88333333333334,90
VALSS32B1,2022,60.969114,-117.309858,55.0,1
VALSS33,2022,60.97780833333333,-117.21974283333333,47.0,90
VALSS504,2022,60.965642,-117.176757,52.5,15
VALZF20201,2022,61.58793783333333,-117.13963416666665,100.16666666666667,90
VALZF20202,2022,62.07368316666667,-116.32177916666666,83.0,90
VALZF2026,2022,61.769017833333336,-116.78778016666666,70.5,90
VALZF2047,2022,62.02870266666667,-116.31457016666667,51.666666666666664,90
VALZF4610,2022,62.55603899999999,-116.416319,90.0,30
VALZF463B1,2022,62.258838,-116.370837,82.375,4
VALZF463B2,2022,62.25871,-116.370991,72.66666666666667,6
VALZF466,2022,62.542645666666665,-116.44575283333333,105.0,90
W3,2019,61.3103,-121.29262,51.3333333333333,1
W5,2019,61.31069,-121.29258,93.0,1
W6,2019,61.31083,-121.29256,53.3333333333333,1
W7,2019,61.311,-121.29256,77.0,1
X1,2019,61.30995,-121.29225,112.333333333333,1
X2,2019,61.31009,-121.29222,103.666666666667,1
X3,2019,61.31028,-121.29221,150.0,1
X4,2019,61.31045,-121.2922,162.666666666667,1
X5,2019,61.31063,-121.29218,91.6666666666667,1
X6,2019,61.31079,-121.29216,95.6666666666667,1
X7,2019,61.31099,-121.29217,155.333333333333,1
Y1,2019,61.30987,-121.29182,135.666666666667,1
Y2,2019,61.31007,-121.29181,96.0,1
Y3,2019,61.31024,-121.29181,180.333333333333,1
Y4,2019,61.31044,-121.29178,104.333333333333,1
Y5,2019,61.3106,-121.29184,86.6666666666667,1
Y6,2019,61.31079,-121.29177,86.6666666666667,1
Y7,2019,61.31098,-121.2918,91.3333333333333,1
YK Delta Burned,2013,61.270038,-163.23564000000002,66.61538461538461,26
YK Delta Unburned,2013,61.270730500000006,-163.238583,60.76923076923077,26
ZF14-200,2013,62.50844833333333,-113.39508666666667,64.69444444666667,6
ZF14-203,2013,62.51531333333333,-113.39106500000001,60.02777777833333,6
ZF14-207,2013,62.434821666666664,-113.15369500000001,85.666666665,6
ZF14-208,2013,62.43049666666667,-113.15107333333333,80.11111111000001,3
ZF14-210,2013,62.38290333333333,-113.19345,70.777777775,6
ZF14-220,2013,62.42987333333334,-113.15150999999999,59.666666666666664,3
ZF14-3,2013,62.500802,-113.41396999999999,51.2,5
ZF14-Val200,2013,62.49374,-113.43828,54.5,1
ZF14-val2,2013,62.49567,-113.57888,50.0,1
ZF14-val6,2013,62.3272,-113.1178,55.33333333,1
ZF14-val7,2013,62.32266,-113.1125,59.66666667,1
ZF17-200,2013,62.418512,-113.00306599999999,72.633333334,5
ZF17-203,2013,62.392313333333334,-113.04256833333334,55.44444444333334,6
ZF17-206,2013,62.38301666666666,-113.07727666666666,54.75,6
ZF17-207,2013,62.381409999999995,-113.08011666666665,44.666666666666664,3
ZF17-40,2013,62.3942675,-113.131965,77.2083333325,4
ZF17-6,2013,62.365093333333334,-113.07494166666667,60.49999999833333,6
ZF17-7,2013,62.35041666666667,-113.08324,79.555555555,6
ZF17-9,2013,62.35456,-113.09421,54.916666667499996,4
ZF20-10,2013,61.715430000000005,-116.89058600000001,73.6,5
ZF20-26,2013,61.77001833333333,-116.78871333333335,81.5,6
ZF20-3,2013,61.619664799999995,-117.12878860000001,89.60799999999999,5
ZF20-47,2013,62.02930833333334,-116.311415,87.22222223,6
ZF20-Val202,2013,62.07367,-116.3219,60.17,1
ZF28-201,2013,62.490275,-113.50706833333334,39.833333333333336,6
ZF46-14,2013,62.56528,-116.37776,100.0,1
val-ss50-4,2013,60.96547,-117.17677,32.16666667,1
val-zf14-2,2013,62.49567,-113.5788,62.83333333,1
val-zf14-200,2013,62.49374,-113.43828,64.0,1
val-zf20-47,2013,62.02872,-116.31459,67.16666667,1
val-zf46-6,2013,62.54267,-116.4457,37.0,1
