axis,region,method,seed,E_train,n,rmse_cm,mae_cm,bias_cm,r2,target_sd_cm,skill_over_mean,coverage_90,width_90,delta_rmse,ci_lo,ci_hi,source,b_learned_cm,sig_learned_te_cm,b_emp_train_cm,sig_emp_train_cm,b_emp_test_cm,sig_emp_test_cm,axis_kind
LORO,Canada,stefan_anchor,0,1.5944,742.0,27.469,21.408,1.273,0.2085,30.877,0.1104,,,,,,,,,,,,,
LORO,Canada,direct_catboost,0,1.5944,742.0,26.035,21.451,11.785,0.2891,30.877,0.1568,0.4299,48.939,,,,,,,,,,,
LORO,Canada,direct_mlp,0,1.5944,742.0,27.787,22.466,7.675,0.1901,30.877,0.1001,,,,,,,,,,,,,
LORO,Canada,physfeat_catboost,0,1.5944,742.0,26.813,21.952,11.328,0.2459,30.877,0.1316,0.407,45.07,,,,,,,,,,,
LORO,Canada,pool_catboost,0,1.5944,742.0,26.194,20.415,5.807,0.2803,30.877,0.1517,0.248,21.401,,,,,,,,,,,
LORO,Canada,pool_mlp,0,1.5944,742.0,25.648,20.015,5.169,0.31,30.877,0.1694,,,,,,,,,,,,,
LORO,Canada,fixaug_catboost,0,1.5944,742.0,27.532,21.469,1.252,0.2049,30.877,0.1083,0.066,5.138,,,,,,,,,,,
LORO,Canada,sa_z,0,1.5944,742.0,27.118,20.896,-0.982,0.2287,30.877,0.1217,0.996,396.191,,,,,,,,,,,
LORO,Canada,sa_fusion,0,1.5944,742.0,27.173,21.141,0.732,0.2255,30.877,0.12,0.1577,12.656,,,,,,,,,,,
LORO,Canada,direct_catboost,1,1.5944,742.0,27.234,22.524,14.449,0.222,30.877,0.118,0.3235,30.713,,,,,,,,,,,
LORO,Canada,direct_mlp,1,1.5944,742.0,26.359,21.196,8.575,0.2713,30.877,0.1463,,,,,,,,,,,,,
LORO,Canada,physfeat_catboost,1,1.5944,742.0,25.326,20.571,9.685,0.3272,30.877,0.1798,0.341,42.832,,,,,,,,,,,
LORO,Canada,pool_catboost,1,1.5944,742.0,26.212,20.426,5.775,0.2793,30.877,0.1511,0.2642,21.819,,,,,,,,,,,
LORO,Canada,pool_mlp,1,1.5944,742.0,25.764,20.083,4.942,0.3038,30.877,0.1656,,,,,,,,,,,,,
LORO,Canada,fixaug_catboost,1,1.5944,742.0,27.519,21.459,1.266,0.2057,30.877,0.1087,0.0606,5.047,,,,,,,,,,,
LORO,Canada,sa_z,1,1.5944,742.0,28.117,20.601,-5.444,0.1708,30.877,0.0894,0.9933,209.037,,,,,,,,,,,
LORO,Canada,sa_fusion,1,1.5944,742.0,26.529,20.397,0.569,0.2618,30.877,0.1408,0.5593,41.683,,,,,,,,,,,
LORO,Canada,direct_catboost,2,1.5944,742.0,25.477,20.843,8.724,0.3192,30.877,0.1749,0.3383,33.961,,,,,,,,,,,
LORO,Canada,direct_mlp,2,1.5944,742.0,32.51,25.295,14.506,-0.1086,30.877,-0.0529,,,,,,,,,,,,,
LORO,Canada,physfeat_catboost,2,1.5944,742.0,25.988,21.036,9.81,0.2916,30.877,0.1583,0.3827,43.921,,,,,,,,,,,
LORO,Canada,pool_catboost,2,1.5944,742.0,26.183,20.408,5.794,0.2809,30.877,0.152,0.252,21.371,,,,,,,,,,,
LORO,Canada,pool_mlp,2,1.5944,742.0,26.35,20.533,5.861,0.2718,30.877,0.1466,,,,,,,,,,,,,
LORO,Canada,fixaug_catboost,2,1.5944,742.0,27.517,21.453,1.255,0.2058,30.877,0.1088,0.0606,4.866,,,,,,,,,,,
LORO,Canada,sa_z,2,1.5944,742.0,27.255,20.717,-2.28,0.2209,30.877,0.1173,1.0,458.696,,,,,,,,,,,
LORO,Canada,sa_fusion,2,1.5944,742.0,26.904,20.9,0.731,0.2408,30.877,0.1287,0.3383,24.186,,,,,,,,,,,
LORO,Alaska,stefan_anchor,0,1.515,13606.0,14.602,10.674,-4.047,0.2943,17.382,0.1599,,,,,,,,,,,,,
LORO,Alaska,direct_catboost,0,1.515,13606.0,42.175,35.58,33.932,-4.8872,17.382,-1.4264,0.0943,23.902,,,,,,,,,,,
LORO,Alaska,direct_mlp,0,1.515,13606.0,40.76,30.555,26.554,-4.4989,17.382,-1.345,,,,,,,,,,,,,
LORO,Alaska,physfeat_catboost,0,1.515,13606.0,44.492,37.009,35.562,-5.552,17.382,-1.5597,0.1345,30.171,,,,,,,,,,,
LORO,Alaska,pool_catboost,0,1.515,13606.0,16.521,12.65,-4.565,0.0966,17.382,0.0495,0.199,9.317,,,,,,,,,,,
LORO,Alaska,pool_mlp,0,1.515,13606.0,16.414,12.578,-4.556,0.1082,17.382,0.0557,,,,,,,,,,,,,
LORO,Alaska,fixaug_catboost,0,1.515,13606.0,14.574,10.652,-4.051,0.297,17.382,0.1615,0.0415,1.334,,,,,,,,,,,
LORO,Alaska,sa_z,0,1.515,13606.0,16.339,12.444,-7.036,0.1164,17.382,0.06,0.988,111.715,,,,,,,,,,,
LORO,Alaska,sa_fusion,0,1.515,13606.0,16.498,12.61,-6.052,0.0992,17.382,0.0509,0.3275,13.095,,,,,,,,,,,
LORO,Alaska,direct_catboost,1,1.515,13606.0,43.282,35.663,34.166,-5.2003,17.382,-1.49,0.0753,17.198,,,,,,,,,,,
LORO,Alaska,direct_mlp,1,1.515,13606.0,38.917,31.188,27.458,-4.0128,17.382,-1.2389,,,,,,,,,,,,,
LORO,Alaska,physfeat_catboost,1,1.515,13606.0,41.67,33.786,32.236,-4.7471,17.382,-1.3973,0.0491,19.359,,,,,,,,,,,
LORO,Alaska,pool_catboost,1,1.515,13606.0,16.518,12.646,-4.566,0.097,17.382,0.0497,0.195,9.171,,,,,,,,,,,
LORO,Alaska,pool_mlp,1,1.515,13606.0,16.359,12.506,-4.621,0.1142,17.382,0.0588,,,,,,,,,,,,,
LORO,Alaska,fixaug_catboost,1,1.515,13606.0,14.576,10.651,-4.053,0.2968,17.382,0.1614,0.0473,1.529,,,,,,,,,,,
LORO,Alaska,sa_z,1,1.515,13606.0,14.886,10.984,-4.562,0.2665,17.382,0.1436,0.9889,125.08,,,,,,,,,,,
LORO,Alaska,sa_fusion,1,1.515,13606.0,14.643,10.718,-4.192,0.2903,17.382,0.1576,0.1237,3.961,,,,,,,,,,,
LORO,Alaska,direct_catboost,2,1.515,13606.0,39.025,32.361,30.806,-4.0407,17.382,-1.2451,0.1004,18.63,,,,,,,,,,,
LORO,Alaska,direct_mlp,2,1.515,13606.0,37.582,29.192,20.48,-3.6747,17.382,-1.1621,,,,,,,,,,,,,
LORO,Alaska,physfeat_catboost,2,1.515,13606.0,43.509,36.528,35.022,-5.2656,17.382,-1.5031,0.0844,24.999,,,,,,,,,,,
LORO,Alaska,pool_catboost,2,1.515,13606.0,16.52,12.647,-4.567,0.0968,17.382,0.0496,0.1885,9.049,,,,,,,,,,,
LORO,Alaska,pool_mlp,2,1.515,13606.0,16.426,12.581,-4.846,0.1069,17.382,0.055,,,,,,,,,,,,,
LORO,Alaska,fixaug_catboost,2,1.515,13606.0,14.567,10.644,-4.05,0.2976,17.382,0.1619,0.0535,1.605,,,,,,,,,,,
LORO,Alaska,sa_z,2,1.515,13606.0,17.826,13.95,-7.621,-0.0517,17.382,-0.0255,0.9967,133.536,,,,,,,,,,,
LORO,Alaska,sa_fusion,2,1.515,13606.0,17.205,13.379,-7.416,0.0203,17.382,0.0102,0.0722,4.226,,,,,,,,,,,
LORO,Lena,stefan_anchor,0,1.6224,3037.0,21.722,15.632,5.578,-0.0605,21.094,-0.0298,,,,,,,,,,,,,
LORO,Lena,direct_catboost,0,1.6224,3037.0,49.91,46.939,45.519,-4.5985,21.094,-1.3661,0.0454,28.624,,,,,,,,,,,
LORO,Lena,direct_mlp,0,1.6224,3037.0,28.793,23.604,15.248,-0.8632,21.094,-0.365,,,,,,,,,,,,,
LORO,Lena,physfeat_catboost,0,1.6224,3037.0,47.181,44.325,42.581,-4.003,21.094,-1.2367,0.0527,38.364,,,,,,,,,,,
LORO,Lena,pool_catboost,0,1.6224,3037.0,20.897,13.02,-1.577,0.0186,21.094,0.0093,0.4096,15.021,,,,,,,,,,,
LORO,Lena,pool_mlp,0,1.6224,3037.0,21.024,13.051,-1.823,0.0066,21.094,0.0033,,,,,,,,,,,,,
LORO,Lena,fixaug_catboost,0,1.6224,3037.0,21.738,15.652,5.595,-0.062,21.094,-0.0305,0.0148,0.91,,,,,,,,,,,
LORO,Lena,sa_z,0,1.6224,3037.0,21.695,15.557,5.355,-0.0578,21.094,-0.0285,0.9993,793.235,,,,,,,,,,,
LORO,Lena,sa_fusion,0,1.6224,3037.0,21.679,15.554,5.406,-0.0562,21.094,-0.0277,0.0807,4.242,,,,,,,,,,,
LORO,Lena,direct_catboost,1,1.6224,3037.0,47.369,44.536,42.706,-4.0428,21.094,-1.2456,0.1149,41.448,,,,,,,,,,,
LORO,Lena,direct_mlp,1,1.6224,3037.0,39.21,35.031,29.87,-2.4553,21.094,-0.8588,,,,,,,,,,,,,
LORO,Lena,physfeat_catboost,1,1.6224,3037.0,42.128,39.064,36.888,-2.9888,21.094,-0.9972,0.1126,33.723,,,,,,,,,,,
LORO,Lena,pool_catboost,1,1.6224,3037.0,20.897,13.023,-1.582,0.0186,21.094,0.0093,0.4129,15.078,,,,,,,,,,,
LORO,Lena,pool_mlp,1,1.6224,3037.0,20.929,13.165,-1.235,0.0155,21.094,0.0078,,,,,,,,,,,,,
LORO,Lena,fixaug_catboost,1,1.6224,3037.0,21.743,15.656,5.595,-0.0625,21.094,-0.0308,0.0188,1.078,,,,,,,,,,,
LORO,Lena,sa_z,1,1.6224,3037.0,21.632,15.378,4.637,-0.0517,21.094,-0.0255,0.9997,877.677,,,,,,,,,,,
LORO,Lena,sa_fusion,1,1.6224,3037.0,21.551,15.309,4.775,-0.0439,21.094,-0.0217,0.2246,11.669,,,,,,,,,,,
LORO,Lena,direct_catboost,2,1.6224,3037.0,45.312,41.94,40.303,-3.6144,21.094,-1.1481,0.0234,14.012,,,,,,,,,,,
LORO,Lena,direct_mlp,2,1.6224,3037.0,36.204,32.606,26.826,-1.9458,21.094,-0.7163,,,,,,,,,,,,,
LORO,Lena,physfeat_catboost,2,1.6224,3037.0,44.893,41.931,40.22,-3.5295,21.094,-1.1283,0.0244,22.608,,,,,,,,,,,
LORO,Lena,pool_catboost,2,1.6224,3037.0,20.872,13.01,-1.567,0.0209,21.094,0.0105,0.4211,15.236,,,,,,,,,,,
LORO,Lena,pool_mlp,2,1.6224,3037.0,21.038,12.904,-2.323,0.0053,21.094,0.0027,,,,,,,,,,,,,
LORO,Lena,fixaug_catboost,2,1.6224,3037.0,21.729,15.651,5.596,-0.0611,21.094,-0.0301,0.0168,0.993,,,,,,,,,,,
LORO,Lena,sa_z,2,1.6224,3037.0,21.732,15.652,5.536,-0.0614,21.094,-0.0302,1.0,1152.591,,,,,,,,,,,
LORO,Lena,sa_fusion,2,1.6224,3037.0,21.567,15.355,4.965,-0.0454,21.094,-0.0224,0.2035,11.802,,,,,,,,,,,
LORO_gate,UNWEIGHTED_MEAN,direct_catboost,-1,,3.0,38.42433333333333,,,,,,0.17171111111111112,28.603000000000005,,,,,,,,,,,
LORO_gate,UNWEIGHTED_MEAN,direct_mlp,-1,,3.0,34.23577777777778,,,,,,,,,,,,,,,,,,
LORO_gate,UNWEIGHTED_MEAN,fixaug_catboost,-1,,3.0,21.27722222222222,,,,,,0.042211111111111116,2.5,,,,,,,,,,,
LORO_gate,UNWEIGHTED_MEAN,physfeat_catboost,-1,,3.0,38.0,,,,,,0.1764888888888889,33.449666666666666,,,,,,,,,,,
LORO_gate,UNWEIGHTED_MEAN,pool_catboost,-1,,3.0,21.201555555555554,,,,,,0.2878111111111111,15.273666666666665,,,,,,,,,,,
LORO_gate,UNWEIGHTED_MEAN,pool_mlp,-1,,3.0,21.105777777777778,,,,,,,,,,,,,,,,,,
LORO_gate,UNWEIGHTED_MEAN,sa_fusion,-1,,3.0,21.527666666666665,,,,,,0.23194444444444443,14.168888888888889,,,,,,,,,,,
LORO_gate,UNWEIGHTED_MEAN,sa_z,-1,,3.0,21.844444444444445,,,,,,0.9957666666666668,473.0842222222222,,,,,,,,,,,
LORO_gate,UNWEIGHTED_MEAN,stefan_anchor,-1,,3.0,21.264333333333333,,,,,,,,,,,,,,,,,,
AK_fold,fold0,stefan_anchor,0,1.5734,4716.0,11.048,8.924,-5.929,-0.3898,9.372,-0.1789,,,,,,,,,,,,,
AK_fold,fold0,direct_catboost,0,1.5734,4716.0,15.354,12.863,11.934,-1.6842,9.372,-0.6384,0.2506,9.336,,,,,,,,,,,
AK_fold,fold0,direct_mlp,0,1.5734,4716.0,10.907,8.852,4.969,-0.3543,9.372,-0.1638,,,,,,,,,,,,,
AK_fold,fold0,physfeat_catboost,0,1.5734,4716.0,14.638,11.91,10.081,-1.4396,9.372,-0.5619,0.2684,9.835,,,,,,,,,,,
AK_fold,fold0,pool_catboost,0,1.5734,4716.0,15.06,12.635,-11.901,-1.5824,9.372,-0.607,0.2827,12.219,,,,,,,,,,,
AK_fold,fold0,pool_mlp,0,1.5734,4716.0,15.047,12.622,-11.901,-1.5778,9.372,-0.6055,,,,,,,,,,,,,
AK_fold,fold0,fixaug_catboost,0,1.5734,4716.0,11.05,8.924,-5.93,-0.3903,9.372,-0.1791,0.0182,0.406,,,,,,,,,,,
AK_fold,fold0,sa_z,0,1.5734,4716.0,11.199,9.044,-6.185,-0.4279,9.372,-0.1949,0.9998,135.693,,,,,,,,,,,
AK_fold,fold0,sa_fusion,0,1.5734,4716.0,11.215,9.055,-6.233,-0.4321,9.372,-0.1967,0.2265,6.056,,,,,,,,,,,
AK_fold,fold0,direct_catboost,1,1.5734,4716.0,15.919,13.37,12.662,-1.8852,9.372,-0.6986,0.2036,5.127,,,,,,,,,,,
AK_fold,fold0,direct_mlp,1,1.5734,4716.0,9.214,7.333,0.829,0.0333,9.372,0.0168,,,,,,,,,,,,,
AK_fold,fold0,physfeat_catboost,1,1.5734,4716.0,13.848,11.297,9.9,-1.1834,9.372,-0.4776,0.1824,4.439,,,,,,,,,,,
AK_fold,fold0,pool_catboost,1,1.5734,4716.0,15.062,12.64,-11.906,-1.5831,9.372,-0.6072,0.2805,12.257,,,,,,,,,,,
AK_fold,fold0,pool_mlp,1,1.5734,4716.0,14.819,12.396,-11.6,-1.5003,9.372,-0.5812,,,,,,,,,,,,,
AK_fold,fold0,fixaug_catboost,1,1.5734,4716.0,11.049,8.924,-5.928,-0.3899,9.372,-0.1789,0.0117,0.293,,,,,,,,,,,
AK_fold,fold0,sa_z,1,1.5734,4716.0,11.407,9.201,-6.555,-0.4815,9.372,-0.2172,1.0,144.981,,,,,,,,,,,
AK_fold,fold0,sa_fusion,1,1.5734,4716.0,11.146,9.0,-6.122,-0.4144,9.372,-0.1893,0.2392,6.439,,,,,,,,,,,
AK_fold,fold0,direct_catboost,2,1.5734,4716.0,14.936,12.284,10.909,-1.54,9.372,-0.5937,0.1363,2.966,,,,,,,,,,,
AK_fold,fold0,direct_mlp,2,1.5734,4716.0,11.727,9.566,7.712,-0.5658,9.372,-0.2513,,,,,,,,,,,,,
AK_fold,fold0,physfeat_catboost,2,1.5734,4716.0,15.146,12.499,11.427,-1.6119,9.372,-0.6161,0.2926,9.301,,,,,,,,,,,
AK_fold,fold0,pool_catboost,2,1.5734,4716.0,15.065,12.642,-11.905,-1.584,9.372,-0.6075,0.2837,12.265,,,,,,,,,,,
AK_fold,fold0,pool_mlp,2,1.5734,4716.0,14.783,12.359,-11.577,-1.488,9.372,-0.5774,,,,,,,,,,,,,
AK_fold,fold0,fixaug_catboost,2,1.5734,4716.0,11.051,8.925,-5.928,-0.3906,9.372,-0.1792,0.0163,0.396,,,,,,,,,,,
AK_fold,fold0,sa_z,2,1.5734,4716.0,10.883,8.804,-5.572,-0.3484,9.372,-0.1612,1.0,180.474,,,,,,,,,,,
AK_fold,fold0,sa_fusion,2,1.5734,4716.0,11.206,9.047,-6.21,-0.4298,9.372,-0.1957,0.226,6.034,,,,,,,,,,,
AK_fold,fold1,stefan_anchor,0,1.6249,1778.0,12.393,9.127,1.525,0.0376,12.633,0.019,,,,,,,,,,,,,
AK_fold,fold1,direct_catboost,0,1.6249,1778.0,12.581,9.395,-3.495,0.0082,12.633,0.0041,0.779,25.716,,,,,,,,,,,
AK_fold,fold1,direct_mlp,0,1.6249,1778.0,12.443,9.039,1.651,0.0298,12.633,0.015,,,,,,,,,,,,,
AK_fold,fold1,physfeat_catboost,0,1.6249,1778.0,12.683,9.469,-3.7,-0.008,12.633,-0.004,0.7643,25.521,,,,,,,,,,,
AK_fold,fold1,pool_catboost,0,1.6249,1778.0,12.418,9.04,-0.663,0.0336,12.633,0.017,0.2019,5.528,,,,,,,,,,,
AK_fold,fold1,pool_mlp,0,1.6249,1778.0,12.351,8.967,-0.833,0.0441,12.633,0.0223,,,,,,,,,,,,,
AK_fold,fold1,fixaug_catboost,0,1.6249,1778.0,12.387,9.121,1.517,0.0386,12.633,0.0195,0.0742,1.955,,,,,,,,,,,
AK_fold,fold1,sa_z,0,1.6249,1778.0,12.37,9.123,-1.197,0.0411,12.633,0.0208,0.9848,87.876,,,,,,,,,,,
AK_fold,fold1,sa_fusion,0,1.6249,1778.0,12.663,9.272,-2.088,-0.0048,12.633,-0.0024,0.1912,8.367,,,,,,,,,,,
AK_fold,fold1,direct_catboost,1,1.6249,1778.0,12.804,9.509,-4.481,-0.0273,12.633,-0.0136,0.7458,24.372,,,,,,,,,,,
AK_fold,fold1,direct_mlp,1,1.6249,1778.0,12.438,9.374,1.519,0.0305,12.633,0.0154,,,,,,,,,,,,,
AK_fold,fold1,physfeat_catboost,1,1.6249,1778.0,13.138,9.805,-4.404,-0.0817,12.633,-0.04,0.7784,25.398,,,,,,,,,,,
AK_fold,fold1,pool_catboost,1,1.6249,1778.0,12.414,9.039,-0.673,0.0344,12.633,0.0173,0.2019,5.406,,,,,,,,,,,
AK_fold,fold1,pool_mlp,1,1.6249,1778.0,12.347,9.021,-1.008,0.0447,12.633,0.0226,,,,,,,,,,,,,
AK_fold,fold1,fixaug_catboost,1,1.6249,1778.0,12.386,9.118,1.518,0.0387,12.633,0.0195,0.0686,1.776,,,,,,,,,,,
AK_fold,fold1,sa_z,1,1.6249,1778.0,12.865,9.482,-3.772,-0.0371,12.633,-0.0184,0.9904,144.746,,,,,,,,,,,
AK_fold,fold1,sa_fusion,1,1.6249,1778.0,12.553,9.249,-2.123,0.0126,12.633,0.0063,0.3228,9.559,,,,,,,,,,,
AK_fold,fold1,direct_catboost,2,1.6249,1778.0,12.753,9.525,-3.947,-0.0192,12.633,-0.0096,0.7795,26.275,,,,,,,,,,,
AK_fold,fold1,direct_mlp,2,1.6249,1778.0,12.549,9.368,2.216,0.0131,12.633,0.0066,,,,,,,,,,,,,
AK_fold,fold1,physfeat_catboost,2,1.6249,1778.0,12.696,9.623,-2.68,-0.0101,12.633,-0.005,0.7559,24.381,,,,,,,,,,,
AK_fold,fold1,pool_catboost,2,1.6249,1778.0,12.42,9.044,-0.68,0.0334,12.633,0.0169,0.2013,5.363,,,,,,,,,,,
AK_fold,fold1,pool_mlp,2,1.6249,1778.0,12.498,9.07,-0.918,0.0212,12.633,0.0107,,,,,,,,,,,,,
AK_fold,fold1,fixaug_catboost,2,1.6249,1778.0,12.386,9.119,1.518,0.0387,12.633,0.0195,0.0692,1.793,,,,,,,,,,,
AK_fold,fold1,sa_z,2,1.6249,1778.0,12.947,9.583,-4.382,-0.0504,12.633,-0.0249,0.9888,86.487,,,,,,,,,,,
AK_fold,fold1,sa_fusion,2,1.6249,1778.0,12.632,9.253,-2.427,0.0001,12.633,0.0,0.351,11.031,,,,,,,,,,,
AK_fold,fold2,stefan_anchor,0,1.627,1778.0,17.095,13.678,2.53,-0.0134,16.982,-0.0067,,,,,,,,,,,,,
AK_fold,fold2,direct_catboost,0,1.627,1778.0,16.354,12.968,2.535,0.0725,16.982,0.0369,0.5135,24.545,,,,,,,,,,,
AK_fold,fold2,direct_mlp,0,1.627,1778.0,18.713,15.512,5.55,-0.2144,16.982,-0.102,,,,,,,,,,,,,
AK_fold,fold2,physfeat_catboost,0,1.627,1778.0,16.653,13.133,2.851,0.0383,16.982,0.0194,0.5304,25.021,,,,,,,,,,,
AK_fold,fold2,pool_catboost,0,1.627,1778.0,17.593,14.192,3.207,-0.0733,16.982,-0.036,0.0984,5.215,,,,,,,,,,,
AK_fold,fold2,pool_mlp,0,1.627,1778.0,17.31,13.873,2.762,-0.0391,16.982,-0.0194,,,,,,,,,,,,,
AK_fold,fold2,fixaug_catboost,0,1.627,1778.0,17.085,13.674,2.526,-0.0122,16.982,-0.0061,0.0529,2.186,,,,,,,,,,,
AK_fold,fold2,sa_z,0,1.627,1778.0,17.109,13.722,2.624,-0.0151,16.982,-0.0075,0.9994,510.062,,,,,,,,,,,
AK_fold,fold2,sa_fusion,0,1.627,1778.0,17.081,13.762,2.908,-0.0117,16.982,-0.0059,0.1035,7.68,,,,,,,,,,,
AK_fold,fold2,direct_catboost,1,1.627,1778.0,16.997,13.55,3.251,-0.0018,16.982,-0.0009,0.4775,23.386,,,,,,,,,,,
AK_fold,fold2,direct_mlp,1,1.627,1778.0,18.057,14.365,2.856,-0.1306,16.982,-0.0633,,,,,,,,,,,,,
AK_fold,fold2,physfeat_catboost,1,1.627,1778.0,16.466,13.194,2.997,0.0598,16.982,0.0304,0.5664,26.385,,,,,,,,,,,
AK_fold,fold2,pool_catboost,1,1.627,1778.0,17.6,14.198,3.216,-0.0742,16.982,-0.0364,0.0996,5.262,,,,,,,,,,,
AK_fold,fold2,pool_mlp,1,1.627,1778.0,17.505,14.2,3.287,-0.0627,16.982,-0.0309,,,,,,,,,,,,,
AK_fold,fold2,fixaug_catboost,1,1.627,1778.0,17.09,13.679,2.526,-0.0128,16.982,-0.0064,0.0501,2.276,,,,,,,,,,,
AK_fold,fold2,sa_z,1,1.627,1778.0,17.024,13.516,2.003,-0.0051,16.982,-0.0025,0.9994,714.516,,,,,,,,,,,
AK_fold,fold2,sa_fusion,1,1.627,1778.0,17.11,13.78,2.92,-0.0152,16.982,-0.0076,0.1007,5.625,,,,,,,,,,,
AK_fold,fold2,direct_catboost,2,1.627,1778.0,16.576,13.112,2.441,0.0472,16.982,0.0239,0.5456,25.13,,,,,,,,,,,
AK_fold,fold2,direct_mlp,2,1.627,1778.0,18.688,15.181,4.726,-0.2111,16.982,-0.1005,,,,,,,,,,,,,
AK_fold,fold2,physfeat_catboost,2,1.627,1778.0,16.584,13.133,2.348,0.0463,16.982,0.0234,0.5844,27.279,,,,,,,,,,,
AK_fold,fold2,pool_catboost,2,1.627,1778.0,17.592,14.194,3.209,-0.0732,16.982,-0.036,0.1029,5.654,,,,,,,,,,,
AK_fold,fold2,pool_mlp,2,1.627,1778.0,17.497,14.227,3.409,-0.0616,16.982,-0.0304,,,,,,,,,,,,,
AK_fold,fold2,fixaug_catboost,2,1.627,1778.0,17.089,13.678,2.526,-0.0127,16.982,-0.0063,0.0551,2.261,,,,,,,,,,,
AK_fold,fold2,sa_z,2,1.627,1778.0,17.123,13.816,3.008,-0.0167,16.982,-0.0083,0.9989,861.513,,,,,,,,,,,
AK_fold,fold2,sa_fusion,2,1.627,1778.0,17.21,13.943,3.279,-0.0271,16.982,-0.0134,0.0849,5.065,,,,,,,,,,,
AK_fold,fold3,stefan_anchor,0,1.6516,1778.0,13.326,10.266,6.794,0.0263,13.505,0.0133,,,,,,,,,,,,,
AK_fold,fold3,direct_catboost,0,1.6516,1778.0,11.098,8.295,-1.328,0.3247,13.505,0.1782,0.8948,33.879,,,,,,,,,,,
AK_fold,fold3,direct_mlp,0,1.6516,1778.0,10.973,8.239,2.235,0.3398,13.505,0.1875,,,,,,,,,,,,,
AK_fold,fold3,physfeat_catboost,0,1.6516,1778.0,11.229,8.3,-1.778,0.3086,13.505,0.1685,0.8706,32.305,,,,,,,,,,,
AK_fold,fold3,pool_catboost,0,1.6516,1778.0,13.124,9.517,4.188,0.0557,13.505,0.0282,0.3549,10.314,,,,,,,,,,,
AK_fold,fold3,pool_mlp,0,1.6516,1778.0,13.105,9.53,3.87,0.0583,13.505,0.0296,,,,,,,,,,,,,
AK_fold,fold3,fixaug_catboost,0,1.6516,1778.0,13.312,10.254,6.775,0.0285,13.505,0.0143,0.0979,4.046,,,,,,,,,,,
AK_fold,fold3,sa_z,0,1.6516,1778.0,13.031,9.493,1.032,0.069,13.505,0.0351,0.9949,99.585,,,,,,,,,,,
AK_fold,fold3,sa_fusion,0,1.6516,1778.0,12.832,9.271,1.184,0.0972,13.505,0.0498,0.324,16.237,,,,,,,,,,,
AK_fold,fold3,direct_catboost,1,1.6516,1778.0,10.986,8.184,-1.109,0.3383,13.505,0.1866,0.8751,31.94,,,,,,,,,,,
AK_fold,fold3,direct_mlp,1,1.6516,1778.0,12.283,9.34,4.96,0.1728,13.505,0.0905,,,,,,,,,,,,,
AK_fold,fold3,physfeat_catboost,1,1.6516,1778.0,11.505,8.68,-2.439,0.2742,13.505,0.1481,0.9066,35.729,,,,,,,,,,,
AK_fold,fold3,pool_catboost,1,1.6516,1778.0,13.138,9.526,4.183,0.0536,13.505,0.0272,0.3538,10.309,,,,,,,,,,,
AK_fold,fold3,pool_mlp,1,1.6516,1778.0,13.005,9.458,3.885,0.0727,13.505,0.037,,,,,,,,,,,,,
AK_fold,fold3,fixaug_catboost,1,1.6516,1778.0,13.314,10.256,6.775,0.0281,13.505,0.0142,0.0967,3.862,,,,,,,,,,,
AK_fold,fold3,sa_z,1,1.6516,1778.0,12.579,9.439,-1.143,0.1324,13.505,0.0686,0.9764,100.164,,,,,,,,,,,
AK_fold,fold3,sa_fusion,1,1.6516,1778.0,12.747,9.233,1.094,0.1091,13.505,0.0561,0.3892,14.989,,,,,,,,,,,
AK_fold,fold3,direct_catboost,2,1.6516,1778.0,11.22,8.411,-1.305,0.3098,13.505,0.1692,0.9139,38.04,,,,,,,,,,,
AK_fold,fold3,direct_mlp,2,1.6516,1778.0,11.699,8.813,2.626,0.2495,13.505,0.1337,,,,,,,,,,,,,
AK_fold,fold3,physfeat_catboost,2,1.6516,1778.0,11.061,8.263,-1.108,0.3292,13.505,0.181,0.8757,32.642,,,,,,,,,,,
AK_fold,fold3,pool_catboost,2,1.6516,1778.0,13.13,9.517,4.172,0.0548,13.505,0.0278,0.3645,10.619,,,,,,,,,,,
AK_fold,fold3,pool_mlp,2,1.6516,1778.0,13.196,9.582,4.01,0.0452,13.505,0.0229,,,,,,,,,,,,,
AK_fold,fold3,fixaug_catboost,2,1.6516,1778.0,13.31,10.254,6.773,0.0287,13.505,0.0144,0.0951,3.785,,,,,,,,,,,
AK_fold,fold3,sa_z,2,1.6516,1778.0,12.712,9.548,-1.098,0.114,13.505,0.0587,0.9916,134.801,,,,,,,,,,,
AK_fold,fold3,sa_fusion,2,1.6516,1778.0,12.798,9.269,0.957,0.102,13.505,0.0524,0.329,10.626,,,,,,,,,,,
AK_fold,fold4,stefan_anchor,0,1.6063,1778.0,11.962,9.093,-3.169,-0.1912,10.96,-0.0914,,,,,,,,,,,,,
AK_fold,fold4,direct_catboost,0,1.6063,1778.0,11.635,8.944,-2.455,-0.1271,10.96,-0.0616,0.6873,23.405,,,,,,,,,,,
AK_fold,fold4,direct_mlp,0,1.6063,1778.0,14.755,11.516,-5.703,-0.8127,10.96,-0.3463,,,,,,,,,,,,,
AK_fold,fold4,physfeat_catboost,0,1.6063,1778.0,12.091,9.281,-3.569,-0.2171,10.96,-0.1032,0.6935,23.77,,,,,,,,,,,
AK_fold,fold4,pool_catboost,0,1.6063,1778.0,12.572,9.578,-1.678,-0.3159,10.96,-0.1471,0.2047,7.363,,,,,,,,,,,
AK_fold,fold4,pool_mlp,0,1.6063,1778.0,12.541,9.578,-1.78,-0.3093,10.96,-0.1443,,,,,,,,,,,,,
AK_fold,fold4,fixaug_catboost,0,1.6063,1778.0,11.938,9.079,-3.184,-0.1865,10.96,-0.0893,0.1018,3.087,,,,,,,,,,,
AK_fold,fold4,sa_z,0,1.6063,1778.0,11.199,8.69,-0.417,-0.0441,10.96,-0.0218,0.9972,953.728,,,,,,,,,,,
AK_fold,fold4,sa_fusion,0,1.6063,1778.0,11.544,9.007,-0.155,-0.1096,10.96,-0.0534,0.1985,9.211,,,,,,,,,,,
AK_fold,fold4,direct_catboost,1,1.6063,1778.0,12.46,9.625,-4.209,-0.2925,10.96,-0.1369,0.6204,18.762,,,,,,,,,,,
AK_fold,fold4,direct_mlp,1,1.6063,1778.0,12.782,9.95,-4.427,-0.3602,10.96,-0.1663,,,,,,,,,,,,,
AK_fold,fold4,physfeat_catboost,1,1.6063,1778.0,12.062,9.241,-3.306,-0.2113,10.96,-0.1006,0.5253,16.455,,,,,,,,,,,
AK_fold,fold4,pool_catboost,1,1.6063,1778.0,12.599,9.597,-1.687,-0.3215,10.96,-0.1495,0.2148,7.735,,,,,,,,,,,
AK_fold,fold4,pool_mlp,1,1.6063,1778.0,12.488,9.551,-1.799,-0.2984,10.96,-0.1395,,,,,,,,,,,,,
AK_fold,fold4,fixaug_catboost,1,1.6063,1778.0,11.936,9.077,-3.187,-0.1862,10.96,-0.0891,0.104,3.149,,,,,,,,,,,
AK_fold,fold4,sa_z,1,1.6063,1778.0,11.498,8.792,-1.607,-0.1007,10.96,-0.0492,0.9983,951.663,,,,,,,,,,,
AK_fold,fold4,sa_fusion,1,1.6063,1778.0,11.75,8.978,-1.859,-0.1494,10.96,-0.0721,0.3178,10.709,,,,,,,,,,,
AK_fold,fold4,direct_catboost,2,1.6063,1778.0,11.798,9.068,-2.276,-0.1588,10.96,-0.0765,0.6102,18.323,,,,,,,,,,,
AK_fold,fold4,direct_mlp,2,1.6063,1778.0,12.071,9.29,-1.008,-0.213,10.96,-0.1014,,,,,,,,,,,,,
AK_fold,fold4,physfeat_catboost,2,1.6063,1778.0,11.964,9.202,-3.323,-0.1916,10.96,-0.0916,0.6879,21.625,,,,,,,,,,,
AK_fold,fold4,pool_catboost,2,1.6063,1778.0,12.6,9.596,-1.698,-0.3217,10.96,-0.1497,0.2098,7.475,,,,,,,,,,,
AK_fold,fold4,pool_mlp,2,1.6063,1778.0,12.48,9.504,-1.622,-0.2968,10.96,-0.1388,,,,,,,,,,,,,
AK_fold,fold4,fixaug_catboost,2,1.6063,1778.0,11.941,9.079,-3.186,-0.187,10.96,-0.0895,0.1299,3.955,,,,,,,,,,,
AK_fold,fold4,sa_z,2,1.6063,1778.0,11.398,8.846,-0.035,-0.0816,10.96,-0.04,0.9944,1060.348,,,,,,,,,,,
AK_fold,fold4,sa_fusion,2,1.6063,1778.0,11.651,9.081,0.255,-0.1301,10.96,-0.0631,0.1254,6.238,,,,,,,,,,,
AK_fold,fold5,stefan_anchor,0,1.6208,1778.0,22.563,16.283,0.444,0.0613,23.288,0.0311,,,,,,,,,,,,,
AK_fold,fold5,direct_catboost,0,1.6208,1778.0,23.267,15.534,-8.621,0.0018,23.288,0.0009,0.5607,23.144,,,,,,,,,,,
AK_fold,fold5,direct_mlp,0,1.6208,1778.0,23.23,15.635,-6.821,0.005,23.288,0.0025,,,,,,,,,,,,,
AK_fold,fold5,physfeat_catboost,0,1.6208,1778.0,23.268,15.499,-8.56,0.0017,23.288,0.0008,0.5433,22.44,,,,,,,,,,,
AK_fold,fold5,pool_catboost,0,1.6208,1778.0,25.607,20.015,2.905,-0.2091,23.288,-0.0996,0.261,19.612,,,,,,,,,,,
AK_fold,fold5,pool_mlp,0,1.6208,1778.0,25.178,19.535,2.242,-0.1689,23.288,-0.0812,,,,,,,,,,,,,
AK_fold,fold5,fixaug_catboost,0,1.6208,1778.0,22.549,16.272,0.43,0.0625,23.288,0.0317,0.1777,7.782,,,,,,,,,,,
AK_fold,fold5,sa_z,0,1.6208,1778.0,22.464,16.217,0.027,0.0695,23.288,0.0354,0.9713,307.466,,,,,,,,,,,
AK_fold,fold5,sa_fusion,0,1.6208,1778.0,22.734,16.533,0.902,0.047,23.288,0.0238,0.2722,18.307,,,,,,,,,,,
AK_fold,fold5,direct_catboost,1,1.6208,1778.0,23.379,15.566,-8.693,-0.0078,23.288,-0.0039,0.5377,22.862,,,,,,,,,,,
AK_fold,fold5,direct_mlp,1,1.6208,1778.0,23.334,15.865,-6.273,-0.0039,23.288,-0.002,,,,,,,,,,,,,
AK_fold,fold5,physfeat_catboost,1,1.6208,1778.0,23.277,15.469,-8.637,0.001,23.288,0.0005,0.563,23.502,,,,,,,,,,,
AK_fold,fold5,pool_catboost,1,1.6208,1778.0,25.605,20.014,2.927,-0.2089,23.288,-0.0995,0.2373,18.477,,,,,,,,,,,
AK_fold,fold5,pool_mlp,1,1.6208,1778.0,25.12,19.412,2.081,-0.1635,23.288,-0.0787,,,,,,,,,,,,,
AK_fold,fold5,fixaug_catboost,1,1.6208,1778.0,22.554,16.274,0.431,0.0621,23.288,0.0315,0.1586,7.329,,,,,,,,,,,
AK_fold,fold5,sa_z,1,1.6208,1778.0,22.433,16.213,0.531,0.072,23.288,0.0367,0.9792,323.863,,,,,,,,,,,
AK_fold,fold5,sa_fusion,1,1.6208,1778.0,22.725,16.551,1.06,0.0477,23.288,0.0242,0.221,13.128,,,,,,,,,,,
AK_fold,fold5,direct_catboost,2,1.6208,1778.0,23.192,15.49,-8.403,0.0082,23.288,0.0041,0.5652,23.181,,,,,,,,,,,
AK_fold,fold5,direct_mlp,2,1.6208,1778.0,22.814,15.272,-6.706,0.0403,23.288,0.0204,,,,,,,,,,,,,
AK_fold,fold5,physfeat_catboost,2,1.6208,1778.0,23.512,15.836,-8.917,-0.0193,23.288,-0.0096,0.5467,23.544,,,,,,,,,,,
AK_fold,fold5,pool_catboost,2,1.6208,1778.0,25.602,20.012,2.903,-0.2086,23.288,-0.0994,0.2351,18.199,,,,,,,,,,,
AK_fold,fold5,pool_mlp,2,1.6208,1778.0,25.091,19.402,2.218,-0.1609,23.288,-0.0774,,,,,,,,,,,,,
AK_fold,fold5,fixaug_catboost,2,1.6208,1778.0,22.553,16.274,0.427,0.0621,23.288,0.0316,0.153,7.24,,,,,,,,,,,
AK_fold,fold5,sa_z,2,1.6208,1778.0,22.668,16.428,0.529,0.0526,23.288,0.0266,0.9904,319.016,,,,,,,,,,,
AK_fold,fold5,sa_fusion,2,1.6208,1778.0,22.787,16.61,1.002,0.0425,23.288,0.0215,0.2182,11.746,,,,,,,,,,,
spatial_block_AK,Alaska,direct_catboost,0,,13606.0,15.552,11.663,2.39,0.1994,17.382,0.1053,0.5358,20.314,,,,,,,,,,,
spatial_block_AK,Alaska,direct_catboost,1,,13606.0,15.953,12.009,2.397,0.1577,17.382,0.0822,0.4961,17.631,,,,,,,,,,,
spatial_block_AK,Alaska,direct_catboost,2,,13606.0,15.473,11.524,2.018,0.2076,17.382,0.1098,0.4935,18.14,,,,,,,,,,,
spatial_block_AK_seedmean,Alaska,direct_catboost,-1,,13606.0,15.607,11.676,2.268,0.1938,17.382,0.1021,,,,,,,,,,,,,
spatial_block_AK,Alaska,direct_mlp,0,,13606.0,14.897,10.901,1.319,0.2655,17.382,0.1429,,,,,,,,,,,,,
spatial_block_AK,Alaska,direct_mlp,1,,13606.0,14.299,10.238,0.109,0.3233,17.382,0.1774,,,,,,,,,,,,,
spatial_block_AK,Alaska,direct_mlp,2,,13606.0,14.793,10.885,2.916,0.2757,17.382,0.149,,,,,,,,,,,,,
spatial_block_AK_seedmean,Alaska,direct_mlp,-1,,13606.0,14.374,10.373,1.448,0.3162,17.382,0.1731,,,,,,,,,,,,,
spatial_block_AK,Alaska,fixaug_catboost,0,,13606.0,14.448,10.725,-1.002,0.3091,17.382,0.1688,0.0722,2.631,,,,,,,,,,,
spatial_block_AK,Alaska,fixaug_catboost,1,,13606.0,14.449,10.725,-1.001,0.309,17.382,0.1687,0.0665,2.505,,,,,,,,,,,
spatial_block_AK,Alaska,fixaug_catboost,2,,13606.0,14.45,10.726,-1.002,0.3089,17.382,0.1687,0.0713,2.625,,,,,,,,,,,
spatial_block_AK_seedmean,Alaska,fixaug_catboost,-1,,13606.0,14.449,10.725,-1.002,0.309,17.382,0.1687,,,,,,,,,,,,,
spatial_block_AK,Alaska,physfeat_catboost,0,,13606.0,15.423,11.404,1.566,0.2127,17.382,0.1127,0.5376,20.274,,,,,,,,,,,
spatial_block_AK,Alaska,physfeat_catboost,1,,13606.0,15.217,11.284,1.368,0.2336,17.382,0.1245,0.4996,18.196,,,,,,,,,,,
spatial_block_AK,Alaska,physfeat_catboost,2,,13606.0,15.603,11.658,2.173,0.1942,17.382,0.1024,0.5523,20.143,,,,,,,,,,,
spatial_block_AK_seedmean,Alaska,physfeat_catboost,-1,,13606.0,15.368,11.399,1.702,0.2183,17.382,0.1159,,,,,,,,,,,,,
spatial_block_AK,Alaska,pool_catboost,0,,13606.0,16.373,12.526,-3.085,0.1128,17.382,0.0581,0.2445,10.512,,,,,,,,,,,
spatial_block_AK,Alaska,pool_catboost,1,,13606.0,16.378,12.532,-3.086,0.1122,17.382,0.0578,0.242,10.415,,,,,,,,,,,
spatial_block_AK,Alaska,pool_catboost,2,,13606.0,16.376,12.531,-3.093,0.1123,17.382,0.0578,0.2439,10.434,,,,,,,,,,,
spatial_block_AK_seedmean,Alaska,pool_catboost,-1,,13606.0,16.375,12.53,-3.088,0.1125,17.382,0.0579,,,,,,,,,,,,,
spatial_block_AK,Alaska,pool_mlp,0,,13606.0,16.23,12.41,-3.307,0.1282,17.382,0.0663,,,,,,,,,,,,,
spatial_block_AK,Alaska,pool_mlp,1,,13606.0,16.156,12.352,-3.178,0.1361,17.382,0.0705,,,,,,,,,,,,,
spatial_block_AK,Alaska,pool_mlp,2,,13606.0,16.172,12.358,-3.085,0.1343,17.382,0.0696,,,,,,,,,,,,,
spatial_block_AK_seedmean,Alaska,pool_mlp,-1,,13606.0,16.18,12.369,-3.19,0.1335,17.382,0.0691,,,,,,,,,,,,,
spatial_block_AK,Alaska,sa_fusion,0,,13606.0,14.462,10.698,-1.801,0.3078,17.382,0.168,0.2209,9.914,,,,,,,,,,,
spatial_block_AK,Alaska,sa_fusion,1,,13606.0,14.445,10.671,-1.979,0.3093,17.382,0.1689,0.2595,9.29,,,,,,,,,,,
spatial_block_AK,Alaska,sa_fusion,2,,13606.0,14.494,10.735,-1.752,0.3047,17.382,0.1661,0.2232,7.934,,,,,,,,,,,
spatial_block_AK_seedmean,Alaska,sa_fusion,-1,,13606.0,14.453,10.69,-1.844,0.3086,17.382,0.1685,,,,,,,,,,,,,
spatial_block_AK,Alaska,sa_z,0,,13606.0,14.361,10.615,-1.873,0.3174,17.382,0.1738,0.9931,302.993,,,,,,,,,,,
spatial_block_AK,Alaska,sa_z,1,,13606.0,14.433,10.696,-2.793,0.3105,17.382,0.1696,0.9927,342.311,,,,,,,,,,,
spatial_block_AK,Alaska,sa_z,2,,13606.0,14.37,10.66,-2.19,0.3165,17.382,0.1733,0.9953,384.304,,,,,,,,,,,
spatial_block_AK_seedmean,Alaska,sa_z,-1,,13606.0,14.349,10.624,-2.285,0.3185,17.382,0.1745,,,,,,,,,,,,,
spatial_block_AK,Alaska,stefan_anchor,0,,13606.0,14.457,10.731,-0.993,0.3083,17.382,0.1683,,,,,,,,,,,,,
spatial_block_AK_seedmean,Alaska,stefan_anchor,-1,,13606.0,14.457,10.731,-0.993,0.3083,17.382,0.1683,,,,,,,,,,,,,
boot_LORO,Canada,sa_fusion_vs_direct_catboost,-1,,,,,,,,,,,-0.44939538769904447,-3.938103581426501,3.4636800249087707,,,,,,,,
boot_LORO,Canada,sa_fusion_vs_physfeat_catboost,-1,,,,,,,,,,,-0.5480773632922983,-4.240709622063152,3.5270449799836023,,,,,,,,
boot_LORO,Canada,sa_fusion_vs_pool_catboost,-1,,,,,,,,,,,-0.4800320932983834,-3.483586409833822,3.4596992119174796,,,,,,,,
boot_LORO,Canada,sa_fusion_vs_fixaug_catboost,-1,,,,,,,,,,,0.6966743203021324,0.2401240951778311,1.2304538523681592,,,,,,,,
boot_LORO,Canada,sa_fusion_vs_stefan_anchor,-1,,,,,,,,,,,0.6324351590817527,0.24763741373014012,1.061843509526366,,,,,,,,
boot_LORO,Canada,sa_z_vs_stefan_anchor,-1,,,,,,,,,,,0.24365832932649018,-1.8486200113820912,2.5407247337421,,,,,,,,
boot_LORO,Canada,sa_z_vs_direct_catboost,-1,,,,,,,,,,,-1.1179794662208342,-6.956439480390181,4.296806782941907,,,,,,,,
boot_LORO,Canada,sa_z_vs_direct_mlp,-1,,,,,,,,,,,1.1968780366686806,-4.008958654638152,7.652061646639039,,,,,,,,
boot_LORO,Canada,sa_z_vs_pool_mlp,-1,,,,,,,,,,,-0.8806795105002905,-6.2180215649974855,3.7141287810953334,,,,,,,,
boot_LORO,Alaska,sa_fusion_vs_direct_catboost,-1,,,,,,,,,,,25.968577019468494,14.558987818243914,40.208348419795065,,,,,,,,
boot_LORO,Alaska,sa_fusion_vs_physfeat_catboost,-1,,,,,,,,,,,27.96855323401492,14.16283061191718,44.617923630706485,,,,,,,,
boot_LORO,Alaska,sa_fusion_vs_pool_catboost,-1,,,,,,,,,,,0.7151231413101204,0.00194710023558603,1.9375571900561035,,,,,,,,
boot_LORO,Alaska,sa_fusion_vs_fixaug_catboost,-1,,,,,,,,,,,-1.253830455496939,-2.951608035055215,-0.04684823101995738,,,,,,,,
boot_LORO,Alaska,sa_fusion_vs_stefan_anchor,-1,,,,,,,,,,,-1.1318830278731686,-2.795571930245819,0.018157016052533236,,,,,,,,
boot_LORO,Alaska,sa_z_vs_stefan_anchor,-1,,,,,,,,,,,-1.372985096507841,-3.034200932382157,0.014102885179072263,,,,,,,,
boot_LORO,Alaska,sa_z_vs_direct_catboost,-1,,,,,,,,,,,26.468063922561075,14.431556855187903,39.67569592741026,,,,,,,,
boot_LORO,Alaska,sa_z_vs_direct_mlp,-1,,,,,,,,,,,22.49548486219446,7.5889922914451144,39.07670256220938,,,,,,,,
boot_LORO,Alaska,sa_z_vs_pool_mlp,-1,,,,,,,,,,,0.42918955399955083,-0.40658346951623175,1.790515612849241,,,,,,,,
boot_LORO,Lena,sa_fusion_vs_direct_catboost,-1,,,,,,,,,,,24.523397450125447,9.550149964254913,31.70917399356579,,,,,,,,
boot_LORO,Lena,sa_fusion_vs_physfeat_catboost,-1,,,,,,,,,,,22.11793614766321,10.894903175915152,28.664902025277794,,,,,,,,
boot_LORO,Lena,sa_fusion_vs_pool_catboost,-1,,,,,,,,,,,-0.6557068834467347,-2.146011786446545,1.611690059393788,,,,,,,,
boot_LORO,Lena,sa_fusion_vs_fixaug_catboost,-1,,,,,,,,,,,0.14325466795123074,-0.04362841457528964,0.34075264661247034,,,,,,,,
boot_LORO,Lena,sa_fusion_vs_stefan_anchor,-1,,,,,,,,,,,0.1278507332634914,-0.059033157549272436,0.25684494554769627,,,,,,,,
boot_LORO,Lena,sa_z_vs_stefan_anchor,-1,,,,,,,,,,,0.02845000739934703,-0.14142661813560703,0.17721739900932948,,,,,,,,
boot_LORO,Lena,sa_z_vs_direct_catboost,-1,,,,,,,,,,,25.03440193801973,11.976307061238314,32.2771922934987,,,,,,,,
boot_LORO,Lena,sa_z_vs_direct_mlp,-1,,,,,,,,,,,11.840174293282875,3.740893089306841,17.976703299899086,,,,,,,,
boot_LORO,Lena,sa_z_vs_pool_mlp,-1,,,,,,,,,,,-0.5517364661817942,-2.659365532657496,1.9758271997680967,,,,,,,,
boot_spatial_block_AK,Alaska,sa_fusion_vs_direct_catboost,-1,,,,,,,,,,,0.7728987284139627,-1.1752301626929247,2.6239036619710485,,,,,,,,
boot_spatial_block_AK,Alaska,sa_fusion_vs_physfeat_catboost,-1,,,,,,,,,,,0.6516558055298045,-0.9681551260410196,2.0929785900618554,,,,,,,,
boot_spatial_block_AK,Alaska,sa_fusion_vs_pool_catboost,-1,,,,,,,,,,,1.8155752686883466,0.5072689173024941,3.1138047950267103,,,,,,,,
boot_spatial_block_AK,Alaska,sa_fusion_vs_fixaug_catboost,-1,,,,,,,,,,,0.005734207543404383,-0.2239172945592307,0.2756938124796514,,,,,,,,
boot_spatial_block_AK,Alaska,sa_fusion_vs_stefan_anchor,-1,,,,,,,,,,,0.004429433231157009,-0.21244787899896514,0.29072609779507524,,,,,,,,
boot_spatial_block_AK,Alaska,sa_z_vs_stefan_anchor,-1,,,,,,,,,,,0.14989536962755215,-0.11861426647862387,0.4721614040797231,,,,,,,,
boot_spatial_block_AK,Alaska,sa_z_vs_direct_catboost,-1,,,,,,,,,,,0.9382257974793773,-1.0671096268499034,2.618917764208262,,,,,,,,
boot_spatial_block_AK,Alaska,sa_z_vs_direct_mlp,-1,,,,,,,,,,,0.08540911823197547,-0.7645183490810183,1.0026529821141852,,,,,,,,
boot_spatial_block_AK,Alaska,sa_z_vs_pool_mlp,-1,,,,,,,,,,,1.8008532962466037,0.4809279214322884,3.034390095085423,,,,,,,,
LORO,Canada,sa_diag,0,,,,,,,,,,,,,,direct,0.0,120.42998504638672,0.0,0.0,0.0,0.0,diagnostic
LORO,Canada,sa_diag,0,,,,,,,,,,,,,,stefan,0.3032626211643219,4.199028491973877,-0.6889282133711996,17.019591211512573,1.2730166655219695,27.43982346964773,diagnostic
LORO,Canada,sa_diag,0,,,,,,,,,,,,,,cci,-0.6062316298484802,42.626373291015625,-5.961457171616276,20.393162913731963,10.605177489832892,28.16378255137571,diagnostic
LORO,Canada,sa_diag,1,,,,,,,,,,,,,,direct,0.0,63.541072845458984,0.0,0.0,0.0,0.0,diagnostic
LORO,Canada,sa_diag,1,,,,,,,,,,,,,,stefan,0.13826227188110352,17.018970489501953,-0.6889282133711996,17.019591211512573,1.2730166655219695,27.43982346964773,diagnostic
LORO,Canada,sa_diag,1,,,,,,,,,,,,,,cci,-0.19155791401863098,31.75089454650879,-5.961457171616276,20.393162913731963,10.605177489832892,28.16378255137571,diagnostic
LORO,Canada,sa_diag,2,,,,,,,,,,,,,,direct,0.0,139.42967224121094,0.0,0.0,0.0,0.0,diagnostic
LORO,Canada,sa_diag,2,,,,,,,,,,,,,,stefan,-0.03275223448872566,8.648111343383789,-0.6889282133711996,17.019591211512573,1.2730166655219695,27.43982346964773,diagnostic
LORO,Canada,sa_diag,2,,,,,,,,,,,,,,cci,-0.33953285217285156,28.41313362121582,-5.961457171616276,20.393162913731963,10.605177489832892,28.16378255137571,diagnostic
LORO,Alaska,sa_diag,0,,,,,,,,,,,,,,direct,0.0,33.957908630371094,0.0,0.0,0.0,0.0,diagnostic
LORO,Alaska,sa_diag,0,,,,,,,,,,,,,,stefan,-0.15941554307937622,6.1464691162109375,0.4825550537003411,26.145776717268493,-4.047182893175449,14.029903233901262,diagnostic
LORO,Alaska,sa_diag,0,,,,,,,,,,,,,,cci,-0.4153195023536682,9.360302925109863,-5.858403959506088,26.623062608709976,-5.087498948030036,19.24125991077594,diagnostic
LORO,Alaska,sa_diag,1,,,,,,,,,,,,,,direct,0.0,38.02067947387695,0.0,0.0,0.0,0.0,diagnostic
LORO,Alaska,sa_diag,1,,,,,,,,,,,,,,stefan,0.20071913301944733,1.2444533109664917,0.4825550537003411,26.145776717268493,-4.047182893175449,14.029903233901262,diagnostic
LORO,Alaska,sa_diag,1,,,,,,,,,,,,,,cci,-0.24334368109703064,12.508368492126465,-5.858403959506088,26.623062608709976,-5.087498948030036,19.24125991077594,diagnostic
LORO,Alaska,sa_diag,2,,,,,,,,,,,,,,direct,0.0,40.5909423828125,0.0,0.0,0.0,0.0,diagnostic
LORO,Alaska,sa_diag,2,,,,,,,,,,,,,,stefan,-0.036914605647325516,4.285867214202881,0.4825550537003411,26.145776717268493,-4.047182893175449,14.029903233901262,diagnostic
LORO,Alaska,sa_diag,2,,,,,,,,,,,,,,cci,-0.4435596466064453,7.137641429901123,-5.858403959506088,26.623062608709976,-5.087498948030036,19.24125991077594,diagnostic
LORO,Lena,sa_diag,0,,,,,,,,,,,,,,direct,0.0,241.11952209472656,0.0,0.0,0.0,0.0,diagnostic
LORO,Lena,sa_diag,0,,,,,,,,,,,,,,stefan,0.12706899642944336,1.3891103267669678,-0.8644800126704845,16.611995389559038,5.577747869359975,20.993763705450828,diagnostic
LORO,Lena,sa_diag,0,,,,,,,,,,,,,,cci,-0.9303068518638611,23.066720962524414,-4.519341496664285,21.061872796830517,-8.823063443768312,20.641477585751105,diagnostic
LORO,Lena,sa_diag,1,,,,,,,,,,,,,,direct,0.0,266.7875061035156,0.0,0.0,0.0,0.0,diagnostic
LORO,Lena,sa_diag,1,,,,,,,,,,,,,,stefan,0.3837360441684723,3.6554765701293945,-0.8644800126704845,16.611995389559038,5.577747869359975,20.993763705450828,diagnostic
LORO,Lena,sa_diag,1,,,,,,,,,,,,,,cci,-0.4185701608657837,23.971256256103516,-4.519341496664285,21.061872796830517,-8.823063443768312,20.641477585751105,diagnostic
LORO,Lena,sa_diag,2,,,,,,,,,,,,,,direct,0.0,350.3529052734375,0.0,0.0,0.0,0.0,diagnostic
LORO,Lena,sa_diag,2,,,,,,,,,,,,,,stefan,0.19372166693210602,3.8183979988098145,-0.8644800126704845,16.611995389559038,5.577747869359975,20.993763705450828,diagnostic
LORO,Lena,sa_diag,2,,,,,,,,,,,,,,cci,-0.5743223428726196,20.32373046875,-4.519341496664285,21.061872796830517,-8.823063443768312,20.641477585751105,diagnostic
AK_fold,fold0,sa_diag,0,,,,,,,,,,,,,,direct,0.0,41.24647521972656,0.0,0.0,0.0,0.0,diagnostic
AK_fold,fold0,sa_diag,0,,,,,,,,,,,,,,stefan,0.11754638701677322,1.8595284223556519,-0.30982191583512714,15.759102290592375,-5.928663181277776,9.32283305246423,diagnostic
AK_fold,fold0,sa_diag,0,,,,,,,,,,,,,,cci,-0.6782091856002808,14.4395112991333,1.6871678057085953,19.72450141569998,-17.858234198398236,9.226118370238959,diagnostic
AK_fold,fold0,sa_diag,1,,,,,,,,,,,,,,direct,0.0,44.06992721557617,0.0,0.0,0.0,0.0,diagnostic
AK_fold,fold0,sa_diag,1,,,,,,,,,,,,,,stefan,0.026662182062864304,1.9751571416854858,-0.30982191583512714,15.759102290592375,-5.928663181277776,9.32283305246423,diagnostic
AK_fold,fold0,sa_diag,1,,,,,,,,,,,,,,cci,-0.548524022102356,16.423507690429688,1.6871678057085953,19.72450141569998,-17.858234198398236,9.226118370238959,diagnostic
AK_fold,fold0,sa_diag,2,,,,,,,,,,,,,,direct,0.0,54.858585357666016,0.0,0.0,0.0,0.0,diagnostic
AK_fold,fold0,sa_diag,2,,,,,,,,,,,,,,stefan,0.08163081854581833,1.8523823022842407,-0.30982191583512714,15.759102290592375,-5.928663181277776,9.32283305246423,diagnostic
AK_fold,fold0,sa_diag,2,,,,,,,,,,,,,,cci,-0.4675663411617279,13.930694580078125,1.6871678057085953,19.72450141569998,-17.858234198398236,9.226118370238959,diagnostic
AK_fold,fold1,sa_diag,0,,,,,,,,,,,,,,direct,0.0,26.71160888671875,0.0,0.0,0.0,0.0,diagnostic
AK_fold,fold1,sa_diag,0,,,,,,,,,,,,,,stefan,0.24567721784114838,7.219947814941406,-1.0112700158492567,14.46321693939119,1.524763699007919,12.2988556710642,diagnostic
AK_fold,fold1,sa_diag,0,,,,,,,,,,,,,,cci,-0.5008261203765869,4.432319164276123,-5.413476691661526,20.026402982630987,-2.9189585927582367,12.637946024038127,diagnostic
AK_fold,fold1,sa_diag,1,,,,,,,,,,,,,,direct,0.0,43.998504638671875,0.0,0.0,0.0,0.0,diagnostic
AK_fold,fold1,sa_diag,1,,,,,,,,,,,,,,stefan,0.27922096848487854,8.021909713745117,-1.0112700158492567,14.46321693939119,1.524763699007919,12.2988556710642,diagnostic
AK_fold,fold1,sa_diag,1,,,,,,,,,,,,,,cci,-0.3349716067314148,9.406184196472168,-5.413476691661526,20.026402982630987,-2.9189585927582367,12.637946024038127,diagnostic
AK_fold,fold1,sa_diag,2,,,,,,,,,,,,,,direct,0.0,26.289325714111328,0.0,0.0,0.0,0.0,diagnostic
AK_fold,fold1,sa_diag,2,,,,,,,,,,,,,,stefan,0.1560915857553482,10.515286445617676,-1.0112700158492567,14.46321693939119,1.524763699007919,12.2988556710642,diagnostic
AK_fold,fold1,sa_diag,2,,,,,,,,,,,,,,cci,-0.19038864970207214,9.454085350036621,-5.413476691661526,20.026402982630987,-2.9189585927582367,12.637946024038127,diagnostic
AK_fold,fold2,sa_diag,0,,,,,,,,,,,,,,direct,0.0,155.0434112548828,0.0,0.0,0.0,0.0,diagnostic
AK_fold,fold2,sa_diag,0,,,,,,,,,,,,,,stefan,-0.2682816684246063,5.573695182800293,-1.0869526481185063,13.71965858542842,2.530465397213845,16.906783545315317,diagnostic
AK_fold,fold2,sa_diag,0,,,,,,,,,,,,,,cci,-0.04731174185872078,10.002860069274902,-6.44595911400752,19.000680437101057,3.949546520576081,18.370769669237806,diagnostic
AK_fold,fold2,sa_diag,1,,,,,,,,,,,,,,direct,0.0,217.1913299560547,0.0,0.0,0.0,0.0,diagnostic
AK_fold,fold2,sa_diag,1,,,,,,,,,,,,,,stefan,-0.36828041076660156,4.347284317016602,-1.0869526481185063,13.71965858542842,2.530465397213845,16.906783545315317,diagnostic
AK_fold,fold2,sa_diag,1,,,,,,,,,,,,,,cci,-0.08589380234479904,11.544466972351074,-6.44595911400752,19.000680437101057,3.949546520576081,18.370769669237806,diagnostic
AK_fold,fold2,sa_diag,2,,,,,,,,,,,,,,direct,0.0,261.87408447265625,0.0,0.0,0.0,0.0,diagnostic
AK_fold,fold2,sa_diag,2,,,,,,,,,,,,,,stefan,-0.6195092797279358,3.2306652069091797,-1.0869526481185063,13.71965858542842,2.530465397213845,16.906783545315317,diagnostic
AK_fold,fold2,sa_diag,2,,,,,,,,,,,,,,cci,0.017580818384885788,8.623970985412598,-6.44595911400752,19.000680437101057,3.949546520576081,18.370769669237806,diagnostic
AK_fold,fold3,sa_diag,0,,,,,,,,,,,,,,direct,0.0,30.270708084106445,0.0,0.0,0.0,0.0,diagnostic
AK_fold,fold3,sa_diag,0,,,,,,,,,,,,,,stefan,0.049343291670084,16.10358428955078,-0.8610327954385715,14.394431389800864,6.793765985505832,11.464279747614146,diagnostic
AK_fold,fold3,sa_diag,0,,,,,,,,,,,,,,cci,-0.40475964546203613,11.641523361206055,-6.111469829466375,19.663215792259308,1.7243838335385904,14.409831681315213,diagnostic
AK_fold,fold3,sa_diag,1,,,,,,,,,,,,,,direct,0.0,30.446975708007812,0.0,0.0,0.0,0.0,diagnostic
AK_fold,fold3,sa_diag,1,,,,,,,,,,,,,,stefan,0.15454664826393127,13.62552261352539,-0.8610327954385715,14.394431389800864,6.793765985505832,11.464279747614146,diagnostic
AK_fold,fold3,sa_diag,1,,,,,,,,,,,,,,cci,-0.27923956513404846,12.94305419921875,-6.111469829466375,19.663215792259308,1.7243838335385904,14.409831681315213,diagnostic
AK_fold,fold3,sa_diag,2,,,,,,,,,,,,,,direct,0.0,40.97540283203125,0.0,0.0,0.0,0.0,diagnostic
AK_fold,fold3,sa_diag,2,,,,,,,,,,,,,,stefan,0.1774330735206604,14.88976001739502,-0.8610327954385715,14.394431389800864,6.793765985505832,11.464279747614146,diagnostic
AK_fold,fold3,sa_diag,2,,,,,,,,,,,,,,cci,-0.19925926625728607,11.72187614440918,-6.111469829466375,19.663215792259308,1.7243838335385904,14.409831681315213,diagnostic
AK_fold,fold4,sa_diag,0,,,,,,,,,,,,,,direct,0.0,289.90447998046875,0.0,0.0,0.0,0.0,diagnostic
AK_fold,fold4,sa_diag,0,,,,,,,,,,,,,,stefan,-0.506607174873352,9.17773723602295,-0.9582640390053744,14.522911322779043,-3.168557819671134,11.534392742431,diagnostic
AK_fold,fold4,sa_diag,0,,,,,,,,,,,,,,cci,0.16421931982040405,13.146007537841797,-5.843451568590033,19.746124800707264,-0.05858578943406418,14.498018378047213,diagnostic
AK_fold,fold4,sa_diag,1,,,,,,,,,,,,,,direct,0.0,289.2767639160156,0.0,0.0,0.0,0.0,diagnostic
AK_fold,fold4,sa_diag,1,,,,,,,,,,,,,,stefan,-0.5902539491653442,4.360546112060547,-0.9582640390053744,14.522911322779043,-3.168557819671134,11.534392742431,diagnostic
AK_fold,fold4,sa_diag,1,,,,,,,,,,,,,,cci,0.04303731024265289,14.00588607788086,-5.843451568590033,19.746124800707264,-0.05858578943406418,14.498018378047213,diagnostic
AK_fold,fold4,sa_diag,2,,,,,,,,,,,,,,direct,0.0,322.3136901855469,0.0,0.0,0.0,0.0,diagnostic
AK_fold,fold4,sa_diag,2,,,,,,,,,,,,,,stefan,-0.9661024808883667,5.869591236114502,-0.9582640390053744,14.522911322779043,-3.168557819671134,11.534392742431,diagnostic
AK_fold,fold4,sa_diag,2,,,,,,,,,,,,,,cci,0.010905965231359005,7.102743148803711,-5.843451568590033,19.746124800707264,-0.05858578943406418,14.498018378047213,diagnostic
AK_fold,fold5,sa_diag,0,,,,,,,,,,,,,,direct,0.0,93.46035766601562,0.0,0.0,0.0,0.0,diagnostic
AK_fold,fold5,sa_diag,0,,,,,,,,,,,,,,stefan,-0.20034581422805786,10.443328857421875,-0.9932117440603774,12.4790120849342,0.44393562050300933,22.558209054964557,diagnostic
AK_fold,fold5,sa_diag,0,,,,,,,,,,,,,,cci,-0.3463369607925415,28.780054092407227,-6.715020140477521,16.05077255770456,5.739453056620606,31.375728235667374,diagnostic
AK_fold,fold5,sa_diag,1,,,,,,,,,,,,,,direct,0.0,98.4446029663086,0.0,0.0,0.0,0.0,diagnostic
AK_fold,fold5,sa_diag,1,,,,,,,,,,,,,,stefan,-0.44266077876091003,4.663788795471191,-0.9932117440603774,12.4790120849342,0.44393562050300933,22.558209054964557,diagnostic
AK_fold,fold5,sa_diag,1,,,,,,,,,,,,,,cci,-0.22593529522418976,79.0066146850586,-6.715020140477521,16.05077255770456,5.739453056620606,31.375728235667374,diagnostic
AK_fold,fold5,sa_diag,2,,,,,,,,,,,,,,direct,0.0,96.97119140625,0.0,0.0,0.0,0.0,diagnostic
AK_fold,fold5,sa_diag,2,,,,,,,,,,,,,,stefan,-0.39362868666648865,4.1571455001831055,-0.9932117440603774,12.4790120849342,0.44393562050300933,22.558209054964557,diagnostic
AK_fold,fold5,sa_diag,2,,,,,,,,,,,,,,cci,-0.19963712990283966,76.6893081665039,-6.715020140477521,16.05077255770456,5.739453056620606,31.375728235667374,diagnostic
