part,cv,model,seed,n,rmse_cm,mae_cm,bias_cm,r2,target_sd_cm,skill_over_mean,coverage_90,width_90,region,delta_rmse,ci_lo,ci_hi,metric,p1_stefan,p2_edaphic,p3_ttop,p4_kudryavtsev,p5_lambda,value,spearman,expert,var,var_label,unit,bin,bin_lo,bin_hi,w_p1_stefan,w_p2_edaphic,w_p3_ttop,w_p4_kudryavtsev,w_p5_lambda,dom_p1_stefan,dom_p2_edaphic,dom_p3_ttop,dom_p4_kudryavtsev,dom_p5_lambda
A_indomain,spatial_block_AK,stefan,0.0,13606.0,14.557,10.85,-0.991,0.2987,17.382,0.1625,,,,,,,,,,,,,,,,,,,,,,,,,,,,,,,
A_indomain,spatial_block_AK,uniform,0.0,13606.0,31.304,25.014,22.522,-2.2434,17.382,-0.8009,,,,,,,,,,,,,,,,,,,,,,,,,,,,,,,
A_indomain,spatial_block_AK,oracle,0.0,13606.0,10.341,7.196,4.058,0.6461,17.382,0.4051,,,,,,,,,,,,,,,,,,,,,,,,,,,,,,,
A_indomain,spatial_block_AK,mix_logit,0.0,13606.0,14.968,11.285,2.84,0.2584,17.382,0.1389,,,,,,,,,,,,,,,,,,,,,,,,,,,,,,,
A_indomain,spatial_block_AK,mix_mlp,0.0,13606.0,14.643,10.835,2.194,0.2903,17.382,0.1576,,,,,,,,,,,,,,,,,,,,,,,,,,,,,,,
A_indomain,spatial_block_AK,mix_mlp,1.0,13606.0,15.562,11.519,5.874,0.1985,17.382,0.1047,,,,,,,,,,,,,,,,,,,,,,,,,,,,,,,
A_indomain,spatial_block_AK,mix_mlp,2.0,13606.0,14.848,11.066,2.452,0.2703,17.382,0.1458,,,,,,,,,,,,,,,,,,,,,,,,,,,,,,,
A_indomain,spatial_block_AK,mix_mlp_seedmean,-1.0,13606.0,14.564,10.78,3.507,0.298,17.382,0.1621,,,,,,,,,,,,,,,,,,,,,,,,,,,,,,,
C_boot,spatial_block_AK,mix_logit,,,,,,,,,,,Alaska_indomain,-0.5213603430510182,-1.5919073782101154,0.3811824032988965,,,,,,,,,,,,,,,,,,,,,,,,,
F_gatediag,LORO,,,16681.0,,,,,,,,,Canada,,,,train_best_share,0.6654876805946885,0.12757028955098615,0.0,0.16347940770936994,0.04346262214495534,,,,,,,,,,,,,,,,,,,
B_loro,LORO,stefan,0.0,742.0,27.478,21.259,0.511,0.208,30.877,0.1101,,,Canada,,,,,,,,,,,,,,,,,,,,,,,,,,,,
B_loro,LORO,uniform,0.0,742.0,66.063,61.902,60.92,-3.5776,30.877,-1.1395,,,Canada,,,,,,,,,,,,,,,,,,,,,,,,,,,,
B_loro,LORO,oracle,0.0,742.0,20.958,17.455,7.903,0.5393,30.877,0.3212,,,Canada,,,,,,,,,,,,,,,,,,,,,,,,,,,,
B_loro,LORO,mix_logit,0.0,742.0,29.327,23.987,6.915,0.0979,30.877,0.0502,,,Canada,,,,,,,,,,,,,,,,,,,,,,,,,,,,
B_loro,LORO,mix_mlp,0.0,742.0,44.496,35.247,30.402,-1.0767,30.877,-0.4411,,,Canada,,,,,,,,,,,,,,,,,,,,,,,,,,,,
B_loro,LORO,mix_mlp,1.0,742.0,32.409,26.072,14.406,-0.1017,30.877,-0.0496,,,Canada,,,,,,,,,,,,,,,,,,,,,,,,,,,,
B_loro,LORO,mix_mlp,2.0,742.0,42.753,32.863,23.936,-0.9172,30.877,-0.3846,,,Canada,,,,,,,,,,,,,,,,,,,,,,,,,,,,
B_loro,LORO,mix_mlp_seedmean,-1.0,742.0,35.605,28.775,22.914,-0.3297,30.877,-0.1531,,,Canada,,,,,,,,,,,,,,,,,,,,,,,,,,,,
F_gatediag,LORO,,,742.0,,,,,,,,,Canada,,,,oracle_best_share,0.8908355795148248,0.004043126684636119,0.0,0.09838274932614555,0.006738544474393531,,,,,,,,,,,,,,,,,,,
F_gatediag,LORO,,,742.0,,,,,,,,,Canada,,,,gate_top1_acc,,,,,,0.8908355795148248,,,,,,,,,,,,,,,,,,
F_gatediag,LORO,,,3817.0,,,,,,,,,Alaska,,,,train_best_share,0.808226355776788,0.024102698454283467,0.0,0.14173434634529736,0.025936599423631124,,,,,,,,,,,,,,,,,,,
B_loro,LORO,stefan,0.0,13606.0,17.571,13.468,-10.845,-0.0219,17.382,-0.0109,,,Alaska,,,,,,,,,,,,,,,,,,,,,,,,,,,,
B_loro,LORO,uniform,0.0,13606.0,29.026,23.171,20.201,-1.7886,17.382,-0.6699,,,Alaska,,,,,,,,,,,,,,,,,,,,,,,,,,,,
B_loro,LORO,oracle,0.0,13606.0,9.715,6.923,-1.72,0.6876,17.382,0.4411,,,Alaska,,,,,,,,,,,,,,,,,,,,,,,,,,,,
B_loro,LORO,mix_logit,0.0,13606.0,36.481,27.157,22.697,-3.405,17.382,-1.0988,,,Alaska,,,,,,,,,,,,,,,,,,,,,,,,,,,,
B_loro,LORO,mix_mlp,0.0,13606.0,34.112,24.729,16.437,-2.8515,17.382,-0.9625,,,Alaska,,,,,,,,,,,,,,,,,,,,,,,,,,,,
B_loro,LORO,mix_mlp,1.0,13606.0,37.849,27.677,19.75,-3.7415,17.382,-1.1775,,,Alaska,,,,,,,,,,,,,,,,,,,,,,,,,,,,
B_loro,LORO,mix_mlp,2.0,13606.0,37.8,27.551,21.072,-3.7291,17.382,-1.1747,,,Alaska,,,,,,,,,,,,,,,,,,,,,,,,,,,,
B_loro,LORO,mix_mlp_seedmean,-1.0,13606.0,36.05,26.206,19.087,-3.3013,17.382,-1.074,,,Alaska,,,,,,,,,,,,,,,,,,,,,,,,,,,,
F_gatediag,LORO,,,13606.0,,,,,,,,,Alaska,,,,oracle_best_share,0.5477730413053065,0.15537262972218138,0.0,0.25047773041305305,0.04637659855945906,,,,,,,,,,,,,,,,,,,
F_gatediag,LORO,,,13606.0,,,,,,,,,Alaska,,,,gate_top1_acc,,,,,,0.23577833308834337,,,,,,,,,,,,,,,,,,
F_gatediag,LORO,,,14386.0,,,,,,,,,Lena,,,,train_best_share,0.638398442930627,0.13798137077714445,0.0,0.1775337133324065,0.04608647295982205,,,,,,,,,,,,,,,,,,,
B_loro,LORO,stefan,0.0,3037.0,21.663,15.52,5.344,-0.0547,21.094,-0.027,,,Lena,,,,,,,,,,,,,,,,,,,,,,,,,,,,
B_loro,LORO,uniform,0.0,3037.0,47.573,44.566,41.93,-4.0865,21.094,-1.2553,,,Lena,,,,,,,,,,,,,,,,,,,,,,,,,,,,
B_loro,LORO,oracle,0.0,3037.0,15.756,12.266,9.47,0.4421,21.094,0.2531,,,Lena,,,,,,,,,,,,,,,,,,,,,,,,,,,,
B_loro,LORO,mix_logit,0.0,3037.0,21.845,15.824,5.924,-0.0725,21.094,-0.0356,,,Lena,,,,,,,,,,,,,,,,,,,,,,,,,,,,
B_loro,LORO,mix_mlp,0.0,3037.0,24.254,18.738,10.773,-0.3221,21.094,-0.1498,,,Lena,,,,,,,,,,,,,,,,,,,,,,,,,,,,
B_loro,LORO,mix_mlp,1.0,3037.0,23.826,17.95,9.787,-0.2758,21.094,-0.1295,,,Lena,,,,,,,,,,,,,,,,,,,,,,,,,,,,
B_loro,LORO,mix_mlp,2.0,3037.0,22.78,17.204,8.545,-0.1662,21.094,-0.0799,,,Lena,,,,,,,,,,,,,,,,,,,,,,,,,,,,
B_loro,LORO,mix_mlp_seedmean,-1.0,3037.0,23.003,17.776,9.702,-0.1892,21.094,-0.0905,,,Lena,,,,,,,,,,,,,,,,,,,,,,,,,,,,
F_gatediag,LORO,,,3037.0,,,,,,,,,Lena,,,,oracle_best_share,0.8518274613105038,0.0286466908133026,0.0,0.09746460322686862,0.02206124464932499,,,,,,,,,,,,,,,,,,,
F_gatediag,LORO,,,3037.0,,,,,,,,,Lena,,,,gate_top1_acc,,,,,,0.8518274613105038,,,,,,,,,,,,,,,,,,
B_loro,LORO_gate,mix_logit,-1.0,3.0,29.21766666666667,,,,,,,,UNWEIGHTED_MEAN,,,,,,,,,,,,,,,,,,,,,,,,,,,,
B_loro,LORO_gate,mix_mlp,-1.0,3.0,33.364333333333335,,,,,,,,UNWEIGHTED_MEAN,,,,,,,,,,,,,,,,,,,,,,,,,,,,
B_loro,LORO_gate,mix_mlp_seedmean,-1.0,3.0,31.552666666666667,,,,,,,,UNWEIGHTED_MEAN,,,,,,,,,,,,,,,,,,,,,,,,,,,,
B_loro,LORO_gate,oracle,-1.0,3.0,15.476333333333335,,,,,,,,UNWEIGHTED_MEAN,,,,,,,,,,,,,,,,,,,,,,,,,,,,
B_loro,LORO_gate,stefan,-1.0,3.0,22.237333333333336,,,,,,,,UNWEIGHTED_MEAN,,,,,,,,,,,,,,,,,,,,,,,,,,,,
B_loro,LORO_gate,uniform,-1.0,3.0,47.554,,,,,,,,UNWEIGHTED_MEAN,,,,,,,,,,,,,,,,,,,,,,,,,,,,
C_boot,LORO,mix_logit,,,,,,,,,,,Canada,-2.1306794585924056,-4.397467311158687,0.2933605523681448,,,,,,,,,,,,,,,,,,,,,,,,,
C_boot,LORO,mix_mlp_seedmean,,,,,,,,,,,Canada,-8.49428216794255,-17.44812336918344,-1.4355823894005575,,,,,,,,,,,,,,,,,,,,,,,,,
C_boot,LORO,uniform,,,,,,,,,,,Canada,-38.7397570181663,-51.82077492803105,-29.26244928501207,,,,,,,,,,,,,,,,,,,,,,,,,
C_boot,LORO,mix_logit,,,,,,,,,,,Alaska,-19.136884322976695,-35.610230673157496,-1.5301450802251968,,,,,,,,,,,,,,,,,,,,,,,,,
C_boot,LORO,mix_mlp_seedmean,,,,,,,,,,,Alaska,-18.12863418796669,-35.80351990122976,-0.23869955014790742,,,,,,,,,,,,,,,,,,,,,,,,,
C_boot,LORO,uniform,,,,,,,,,,,Alaska,-11.936201905978265,-22.198426657193288,-3.076578280601446,,,,,,,,,,,,,,,,,,,,,,,,,
C_boot,LORO,mix_logit,,,,,,,,,,,Lena,-0.1916797782545071,-0.436469680297669,0.0641382641678953,,,,,,,,,,,,,,,,,,,,,,,,,
C_boot,LORO,mix_mlp_seedmean,,,,,,,,,,,Lena,-1.1722062363212975,-3.7195672865606406,2.6742842240822244,,,,,,,,,,,,,,,,,,,,,,,,,
C_boot,LORO,uniform,,,,,,,,,,,Lena,-24.54301621141143,-32.28204136825481,-10.750132955311855,,,,,,,,,,,,,,,,,,,,,,,,,
D_corr,LORO,,,17385.0,,,,,,,,,POOLED,,,,wmax_vs_abserr,,,,,,,-0.3291929604364372,,,,,,,,,,,,,,,,,
D_corr,LORO,,,17385.0,,,,,,,,,POOLED,,,,entropy_vs_abserr,,,,,,,0.3877402706865109,,,,,,,,,,,,,,,,,
D_corr,LORO,,,742.0,,,,,,,,,Canada,,,,wmax_vs_abserr,,,,,,,-0.017500512256656393,,,,,,,,,,,,,,,,,
D_corr,LORO,,,742.0,,,,,,,,,Canada,,,,entropy_vs_abserr,,,,,,,0.010087652812507172,,,,,,,,,,,,,,,,,
D_corr,LORO,,,13606.0,,,,,,,,,Alaska,,,,wmax_vs_abserr,,,,,,,-0.35680836433748586,,,,,,,,,,,,,,,,,
D_corr,LORO,,,13606.0,,,,,,,,,Alaska,,,,entropy_vs_abserr,,,,,,,0.44769811674804366,,,,,,,,,,,,,,,,,
D_corr,LORO,,,3037.0,,,,,,,,,Lena,,,,wmax_vs_abserr,,,,,,,0.04874900708727265,,,,,,,,,,,,,,,,,
D_corr,LORO,,,3037.0,,,,,,,,,Lena,,,,entropy_vs_abserr,,,,,,,-0.03939033342905695,,,,,,,,,,,,,,,,,
D_corr,LORO,,,17385.0,,,,,,,,,POOLED,,,,w_k_vs_abserr_k,,,,,,,0.045166692740118704,p1_stefan,,,,,,,,,,,,,,,,
D_corr,LORO,,,17385.0,,,,,,,,,POOLED,,,,w_k_vs_abserr_k,,,,,,,-0.009812767045693177,p2_edaphic,,,,,,,,,,,,,,,,
D_corr,LORO,,,14165.0,,,,,,,,,POOLED,,,,w_k_vs_abserr_k,,,,,,,,p3_ttop,,,,,,,,,,,,,,,,
D_corr,LORO,,,15430.0,,,,,,,,,POOLED,,,,w_k_vs_abserr_k,,,,,,,0.23578393247585877,p4_kudryavtsev,,,,,,,,,,,,,,,,
D_corr,LORO,,,17385.0,,,,,,,,,POOLED,,,,w_k_vs_abserr_k,,,,,,,-0.5390392828268864,p5_lambda,,,,,,,,,,,,,,,,
E_envbins,LORO,,,3285.0,,,,,,,,,,,,,,,,,,,,,,e5_maat,연평균기온 MAAT,°C,0.0,-11.739910125732422,-8.51736068725586,0.9307237667163144,0.0037521732888665203,0.0,0.01710623444826724,0.04841782554655147,0.9385083713850837,0.0,0.0,0.0,0.061491628614916284
E_envbins,LORO,,,3603.0,,,,,,,,,,,,,,,,,,,,,,e5_maat,연평균기온 MAAT,°C,1.0,-8.51736068725586,-7.737660884857178,0.7205993388322779,0.02340075815914866,0.0,0.02816082533833003,0.22783907767024805,0.8645573133499861,0.0,0.0,0.0,0.13544268665001388
E_envbins,LORO,,,608.0,,,,,,,,,,,,,,,,,,,,,,e5_maat,연평균기온 MAAT,°C,2.0,-7.737660884857178,-7.726895809173584,0.022774974339596965,0.16277475894238597,0.0,0.056736431818855154,0.7577138348991609,0.006578947368421052,0.0,0.0,0.0,0.993421052631579
E_envbins,LORO,,,6385.0,,,,,,,,,,,,,,,,,,,,,,e5_maat,연평균기온 MAAT,°C,3.0,-7.726895809173584,-0.3196907043457031,0.22900232976046345,0.07365546270694992,0.0,0.08065945119481495,0.6166827563377743,0.27141738449490993,0.0,0.0,0.028034455755677368,0.7005481597494126
E_envbins,LORO,,,3504.0,,,,,,,,,,,,,,,,,,,,,,e5_maat,연평균기온 MAAT,°C,4.0,-0.3196907043457031,1.1028060913085938,0.03348472268567893,0.2175477257535095,0.0,0.19105449197570978,0.5579130595851,0.0037100456621004564,0.0,0.0,0.2676940639269406,0.728595890410959
E_envbins,LORO,,,6853.0,,,,,,,,,,,,,,,,,,,,,,e5_tdd,융해도일 TDD,°C·day,0.0,449.57373046875,813.054443359375,0.17683297059029965,0.08887848978698595,0.0,0.03318423164805993,0.7011043079746541,0.22792937399678972,0.0,0.0,0.0,0.7720706260032103
E_envbins,LORO,,,3162.0,,,,,,,,,,,,,,,,,,,,,,e5_tdd,융해도일 TDD,°C·day,1.0,813.054443359375,944.2830505371094,0.973225842820192,0.0034992352329862933,0.0,0.01659702829519778,0.006677893651623631,1.0,0.0,0.0,0.0,0.0
E_envbins,LORO,,,3764.0,,,,,,,,,,,,,,,,,,,,,,e5_tdd,융해도일 TDD,°C·day,2.0,944.2830505371094,1781.4349060058594,0.644002683782464,0.039945185420843896,0.0,0.09988683834903972,0.2161652924476494,0.7247608926673751,0.0,0.0,0.04596174282678002,0.22927736450584485
E_envbins,LORO,,,3606.0,,,,,,,,,,,,,,,,,,,,,,e5_tdd,융해도일 TDD,°C·day,3.0,1781.4349060058594,2186.3545837402344,0.14805933318786754,0.18238510386065016,0.0,0.1998761280268572,0.46967943492462483,0.13754853022739877,0.0,0.0,0.2617859123682751,0.6006655574043261
E_envbins,LORO,,,2437.0,,,,,,,,,,,,,,,,,,,,,,e5_swe,적설수당량 SWE,m,0.0,0.0213504638522863,0.0330299399793148,0.20322334002314937,0.17779031829648495,0.0,0.10372158970876971,0.5152647519715982,0.18834632745178498,0.0,0.0,0.13582273286828067,0.6758309396799344
E_envbins,LORO,,,3096.0,,,,,,,,,,,,,,,,,,,,,,e5_swe,적설수당량 SWE,m,1.0,0.0330299399793148,0.0452940464019775,0.17017019330167754,0.16948251438853823,0.0,0.1982738873691399,0.4620734049406426,0.20930232558139536,0.0,0.0,0.1973514211886305,0.5933462532299741
E_envbins,LORO,,,4504.0,,,,,,,,,,,,,,,,,,,,,,e5_swe,적설수당량 SWE,m,2.0,0.0452940464019775,0.0500615835189819,0.11436976356798566,0.09564859142095908,0.0,0.02948681645581665,0.7604948285552418,0.11190053285968028,0.0,0.0,0.0004440497335701599,0.8876554174067496
E_envbins,LORO,,,3692.0,,,,,,,,,,,,,,,,,,,,,,e5_swe,적설수당량 SWE,m,3.0,0.0500615835189819,0.0640111938118934,0.8829535024096697,0.005085431504764283,0.0,0.04251749184420321,0.06944357424136377,0.9073672806067172,0.0,0.0,0.021668472372697724,0.07096424702058506
E_envbins,LORO,,,3656.0,,,,,,,,,,,,,,,,,,,,,,e5_swe,적설수당량 SWE,m,4.0,0.0640111938118934,0.1860603243112564,0.6701358248304998,0.005638319379498608,0.0,0.060232508080765086,0.263993347709234,0.8170131291028446,0.0,0.0,0.025437636761487966,0.1575492341356674
E_envbins,LORO,,,3475.0,,,,,,,,,,,,,,,,,,,,,,dem_elev,고도,m,0.0,-1.105667233467102,4.594645977020264,0.0866569303879393,0.11318378131049944,0.0,0.03548296999405829,0.7646763183075026,0.08316546762589928,0.0,0.0,0.0,0.9168345323741007
E_envbins,LORO,,,3476.0,,,,,,,,,,,,,,,,,,,,,,dem_elev,고도,m,1.0,4.594645977020264,16.541353225708008,0.19397620455827835,0.1325511080337052,0.0,0.0962713628761247,0.577201324531891,0.18555811277330264,0.0,0.0,0.08601841196777905,0.7284234752589183
E_envbins,LORO,,,3478.0,,,,,,,,,,,,,,,,,,,,,,dem_elev,고도,m,2.0,16.541353225708008,31.92159843444824,0.39547488016969184,0.144164532397106,0.0,0.07706880086057018,0.38329178657263396,0.42754456584243816,0.0,0.0,0.09171937895342151,0.4807360552041403
E_envbins,LORO,,,3479.0,,,,,,,,,,,,,,,,,,,,,,dem_elev,고도,m,3.0,31.92159843444824,320.0664367675785,0.6864618456381786,0.020174126299592286,0.0,0.1714332409617219,0.12193078710050795,0.7505030181086519,0.0,0.0,0.14343202069560218,0.1060649611957459
E_envbins,LORO,,,3477.0,,,,,,,,,,,,,,,,,,,,,,dem_elev,고도,m,4.0,320.0664367675785,2268.3271484375,0.721325281949198,0.0007281892752151799,0.0,0.015592351848877806,0.2623541769267112,0.8386540120793787,0.0,0.0,0.0,0.16134598792062121
E_envbins,LORO,,,3477.0,,,,,,,,,,,,,,,,,,,,,,dem_slope,경사,°,0.0,0.0,0.3294178247451782,0.1969970434159184,0.11544590214294366,0.0,0.05264931829477328,0.6349077361463625,0.20448662640207074,0.0,0.0,0.025021570319240724,0.7704918032786885
E_envbins,LORO,,,3472.0,,,,,,,,,,,,,,,,,,,,,,dem_slope,경사,°,1.0,0.3294178247451782,0.6356703639030457,0.2806219733112951,0.10499234716126307,0.0,0.060803621299422066,0.5535820582280211,0.2952188940092166,0.0,0.0,0.04521889400921659,0.6595622119815668
E_envbins,LORO,,,3482.0,,,,,,,,,,,,,,,,,,,,,,dem_slope,경사,°,2.0,0.6356703639030457,1.2684311389923093,0.45996433132301023,0.08429098282991379,0.0,0.09071654508189633,0.36502814076518136,0.4850660539919586,0.0,0.0,0.07553130384836301,0.43940264215967834
E_envbins,LORO,,,3476.0,,,,,,,,,,,,,,,,,,,,,,dem_slope,경사,°,3.0,1.2684311389923093,2.467612743377685,0.5003284393014238,0.07951138182184786,0.0,0.08052414787911322,0.33963603099761647,0.5678941311852704,0.0,0.0,0.07479861910241657,0.357307249712313
E_envbins,LORO,,,3478.0,,,,,,,,,,,,,,,,,,,,,,dem_slope,경사,°,4.0,2.467612743377685,31.85591125488281,0.6460865013550884,0.026555962691506906,0.0,0.11117593999388295,0.21618159595952288,0.7328924669350201,0.0,0.0,0.10063254744105808,0.1664749856239218
E_envbins,LORO,,,3333.0,,,,,,,,,,,,,,,,,,,,,,sg_soc_5_15,토양유기탄소 SOC 5-15cm,g/kg,0.0,26.0,111.4,0.9320032762063131,0.006760267469838193,0.0,0.05348844239782956,0.007748013926018099,0.9444944494449445,0.0,0.0,0.0555055505550555,0.0
E_envbins,LORO,,,3417.0,,,,,,,,,,,,,,,,,,,,,,sg_soc_5_15,토양유기탄소 SOC 5-15cm,g/kg,1.0,111.4,240.6,0.681595796268081,0.02594444966677957,0.0,0.09801613268333036,0.19444362138180726,0.7509511267193445,0.0,0.0,0.0520924787825578,0.19695639449809774
E_envbins,LORO,,,2506.0,,,,,,,,,,,,,,,,,,,,,,sg_soc_5_15,토양유기탄소 SOC 5-15cm,g/kg,2.0,240.6,256.6,0.08788614565154834,0.18499587848935412,0.0,0.05894069875966315,0.6681772770994362,0.10135674381484437,0.0,0.0,0.052673583399840386,0.8459696727853152
E_envbins,LORO,,,4299.0,,,,,,,,,,,,,,,,,,,,,,sg_soc_5_15,토양유기탄소 SOC 5-15cm,g/kg,3.0,256.6,292.3,0.179615200142486,0.129480108543648,0.0,0.14344017009419097,0.5474645212196739,0.21656199116073505,0.0,0.0,0.14189346359618515,0.6415445452430798
E_envbins,LORO,,,3434.0,,,,,,,,,,,,,,,,,,,,,,sg_soc_5_15,토양유기탄소 SOC 5-15cm,g/kg,4.0,292.3,353.7,0.12784621366765514,0.08502824528096208,0.0,0.02583790049657125,0.7612876405548105,0.19015725101921957,0.0,0.0,0.0034944670937682005,0.8063482818870122
