target,model,mode,stratum,n,n_blocks,frac,rmse_model,rmse_stefan,delta_rmse,ci_lo,ci_hi,bias_model,bias_stefan,flag
Lena,ridge,direct,all,2958,20,1.0,26.19,21.624,4.566,1.844,10.859,-9.875,5.676,
Lena,ridge,direct,complete,2638,18,0.892,25.493,22.227,3.266,-1.411,10.183,-8.016,6.263,
Lena,ridge,direct,sg_missing,320,5,0.108,31.353,15.799,15.554,4.767,23.896,-25.202,0.843,
Lena,ridge,direct,aoa_in,1870,19,0.632,28.589,24.193,4.396,0.258,12.12,-11.243,5.494,
Lena,ridge,direct,aoa_out,1088,13,0.368,21.447,16.288,5.16,-0.324,12.42,-7.525,5.99,
Lena,ridge,direct,swe_in_range,2958,20,1.0,26.19,21.624,4.566,1.844,10.859,-9.875,5.676,
Lena,ridge,direct,x25_any_out_of_range,2958,20,1.0,26.19,21.624,4.566,1.844,10.859,-9.875,5.676,
Lena,ridge,stefan+lam0.25,all,2958,20,1.0,21.525,21.624,-0.099,-0.874,1.322,2.82,5.676,
Lena,ridge,stefan+lam0.25,complete,2638,18,0.892,22.011,22.227,-0.216,-0.93,1.521,3.752,6.263,
Lena,ridge,stefan+lam0.25,sg_missing,320,5,0.108,17.0,15.799,1.201,-1.069,3.561,-4.863,0.843,
Lena,ridge,stefan+lam0.25,aoa_in,1870,19,0.632,24.096,24.193,-0.097,-1.039,1.609,2.379,5.494,
Lena,ridge,stefan+lam0.25,aoa_out,1088,13,0.368,16.18,16.288,-0.107,-0.405,1.019,3.577,5.99,
Lena,ridge,stefan+lam0.25,swe_in_range,2958,20,1.0,21.525,21.624,-0.099,-0.874,1.322,2.82,5.676,
Lena,ridge,stefan+lam0.25,x25_any_out_of_range,2958,20,1.0,21.525,21.624,-0.099,-0.874,1.322,2.82,5.676,
Lena,catboost_lo,direct,all,2958,20,1.0,24.103,21.624,2.479,-0.041,4.223,11.748,5.676,
Lena,catboost_lo,direct,complete,2638,18,0.892,24.536,22.227,2.309,-1.539,4.062,11.819,6.263,
Lena,catboost_lo,direct,sg_missing,320,5,0.108,20.189,15.799,4.389,1.131,7.807,11.159,0.843,
Lena,catboost_lo,direct,aoa_in,1870,19,0.632,26.712,24.193,2.519,-0.087,4.735,12.102,5.494,
Lena,catboost_lo,direct,aoa_out,1088,13,0.368,18.791,16.288,2.504,-0.054,4.001,11.139,5.99,
Lena,catboost_lo,direct,swe_in_range,2958,20,1.0,24.103,21.624,2.479,-0.041,4.223,11.748,5.676,
Lena,catboost_lo,direct,x25_any_out_of_range,2958,20,1.0,24.103,21.624,2.479,-0.041,4.223,11.748,5.676,
Lena,catboost_lo,stefan+lam0.25,all,2958,20,1.0,22.082,21.624,0.458,-0.373,0.807,7.2,5.676,
Lena,catboost_lo,stefan+lam0.25,complete,2638,18,0.892,22.711,22.227,0.484,-0.574,0.864,7.87,6.263,
Lena,catboost_lo,stefan+lam0.25,sg_missing,320,5,0.108,15.981,15.799,0.182,0.034,0.39,1.677,0.843,
Lena,catboost_lo,stefan+lam0.25,aoa_in,1870,19,0.632,24.652,24.193,0.459,-0.454,0.915,7.137,5.494,
Lena,catboost_lo,stefan+lam0.25,aoa_out,1088,13,0.368,16.767,16.288,0.48,-0.174,0.767,7.309,5.99,
Lena,catboost_lo,stefan+lam0.25,swe_in_range,2958,20,1.0,22.082,21.624,0.458,-0.373,0.807,7.2,5.676,
Lena,catboost_lo,stefan+lam0.25,x25_any_out_of_range,2958,20,1.0,22.082,21.624,0.458,-0.373,0.807,7.2,5.676,
Lena,mlp,direct,all,2958,20,1.0,23.237,21.624,1.613,-1.422,2.77,9.504,5.676,
Lena,mlp,direct,complete,2638,18,0.892,23.94,22.227,1.713,-2.208,2.832,11.128,6.263,
Lena,mlp,direct,sg_missing,320,5,0.108,16.33,15.799,0.531,-1.168,3.696,-3.888,0.843,
Lena,mlp,direct,aoa_in,1870,19,0.632,25.804,24.193,1.611,-1.57,3.155,9.343,5.494,
Lena,mlp,direct,aoa_out,1088,13,0.368,17.99,16.288,1.702,-0.543,2.916,9.781,5.99,
Lena,mlp,direct,swe_in_range,2958,20,1.0,23.237,21.624,1.613,-1.422,2.77,9.504,5.676,
Lena,mlp,direct,x25_any_out_of_range,2958,20,1.0,23.237,21.624,1.613,-1.422,2.77,9.504,5.676,
Lena,mlp,stefan+lam0.25,all,2958,20,1.0,22.0,21.624,0.376,-0.662,0.798,7.115,5.676,
Lena,mlp,stefan+lam0.25,complete,2638,18,0.892,22.66,22.227,0.433,-0.823,0.875,7.884,6.263,
Lena,mlp,stefan+lam0.25,sg_missing,320,5,0.108,15.535,15.799,-0.265,-0.469,0.237,0.771,0.843,
Lena,mlp,stefan+lam0.25,aoa_in,1870,19,0.632,24.582,24.193,0.389,-0.739,0.953,7.166,5.494,
Lena,mlp,stefan+lam0.25,aoa_out,1088,13,0.368,16.652,16.288,0.364,-0.442,0.684,7.027,5.99,
Lena,mlp,stefan+lam0.25,swe_in_range,2958,20,1.0,22.0,21.624,0.376,-0.662,0.798,7.115,5.676,
Lena,mlp,stefan+lam0.25,x25_any_out_of_range,2958,20,1.0,22.0,21.624,0.376,-0.662,0.798,7.115,5.676,
Canada,ridge,direct,all,747,36,1.0,47.627,26.504,21.123,-0.95,51.953,-24.165,2.307,
Canada,ridge,direct,complete,746,35,0.999,47.644,26.522,21.122,0.143,51.869,-24.154,2.312,
Canada,ridge,direct,sg_missing,1,1,0.001,32.614,0.956,31.658,,,-32.614,-0.956,참고(n<10)
Canada,ridge,direct,aoa_in,354,23,0.474,37.005,30.361,6.644,-5.62,17.369,-23.527,4.977,
Canada,ridge,direct,aoa_out,393,22,0.526,55.48,22.469,33.011,4.441,73.668,-24.74,-0.097,
Canada,ridge,direct,swe_in_range,746,35,0.999,34.624,26.519,8.105,-2.538,15.534,-22.998,2.323,
Canada,ridge,direct,swe_out_of_range,1,1,0.001,894.478,9.575,884.903,,,-894.478,-9.575,참고(n<10)
Canada,ridge,direct,x25_all_in_range,4,4,0.005,32.396,36.116,-3.72,-8.945,5.722,-2.106,-7.986,참고(n<10)
Canada,ridge,direct,x25_any_out_of_range,743,32,0.995,47.696,26.443,21.253,0.343,49.283,-24.284,2.363,
Canada,ridge,stefan+lam0.25,all,747,36,1.0,27.745,26.504,1.241,-3.469,6.334,-4.239,2.307,
Canada,ridge,stefan+lam0.25,complete,746,35,0.999,27.762,26.522,1.241,-3.277,5.654,-4.234,2.312,
Canada,ridge,stefan+lam0.25,sg_missing,1,1,0.001,8.227,0.956,7.271,,,-8.227,-0.956,참고(n<10)
Canada,ridge,stefan+lam0.25,aoa_in,354,23,0.474,29.556,30.361,-0.805,-5.128,3.556,-1.987,4.977,
Canada,ridge,stefan+lam0.25,aoa_out,393,22,0.526,26.006,22.469,3.537,-1.189,10.757,-6.268,-0.097,
Canada,ridge,stefan+lam0.25,swe_in_range,746,35,0.999,26.401,26.519,-0.118,-3.965,2.767,-3.93,2.323,
Canada,ridge,stefan+lam0.25,swe_out_of_range,1,1,0.001,234.635,9.575,225.06,,,-234.635,-9.575,참고(n<10)
Canada,ridge,stefan+lam0.25,x25_all_in_range,4,4,0.005,35.012,36.116,-1.104,-2.386,1.325,-6.318,-7.986,참고(n<10)
Canada,ridge,stefan+lam0.25,x25_any_out_of_range,743,32,0.995,27.701,26.443,1.258,-3.202,5.987,-4.228,2.363,
Canada,catboost_lo,direct,all,747,36,1.0,28.519,26.504,2.015,-4.32,6.78,-7.034,2.307,
Canada,catboost_lo,direct,complete,746,35,0.999,28.535,26.522,2.014,-4.274,6.638,-7.057,2.312,
Canada,catboost_lo,direct,sg_missing,1,1,0.001,10.285,0.956,9.329,,,10.285,-0.956,참고(n<10)
Canada,catboost_lo,direct,aoa_in,354,23,0.474,31.112,30.361,0.75,-6.718,7.7,-5.276,4.977,
Canada,catboost_lo,direct,aoa_out,393,22,0.526,25.962,22.469,3.493,0.017,7.263,-8.618,-0.097,
Canada,catboost_lo,direct,swe_in_range,746,35,0.999,28.531,26.519,2.012,-4.284,6.635,-7.067,2.323,
Canada,catboost_lo,direct,swe_out_of_range,1,1,0.001,17.147,9.575,7.572,,,17.147,-9.575,참고(n<10)
Canada,catboost_lo,direct,x25_all_in_range,4,4,0.005,29.751,36.116,-6.366,-10.274,-4.082,-9.4,-7.986,참고(n<10)
Canada,catboost_lo,direct,x25_any_out_of_range,743,32,0.995,28.512,26.443,2.069,-4.234,6.686,-7.021,2.363,
Canada,catboost_lo,stefan+lam0.25,all,747,36,1.0,26.304,26.504,-0.2,-0.878,0.31,1.886,2.307,
Canada,catboost_lo,stefan+lam0.25,complete,746,35,0.999,26.321,26.522,-0.2,-0.899,0.298,1.889,2.312,
Canada,catboost_lo,stefan+lam0.25,sg_missing,1,1,0.001,0.21,0.956,-0.746,,,-0.21,-0.956,참고(n<10)
Canada,catboost_lo,stefan+lam0.25,aoa_in,354,23,0.474,29.889,30.361,-0.472,-1.255,0.236,4.096,4.977,
Canada,catboost_lo,stefan+lam0.25,aoa_out,393,22,0.526,22.593,22.469,0.123,-0.263,0.514,-0.105,-0.097,
Canada,catboost_lo,stefan+lam0.25,swe_in_range,746,35,0.999,26.319,26.519,-0.2,-0.898,0.299,1.9,2.323,
Canada,catboost_lo,stefan+lam0.25,swe_out_of_range,1,1,0.001,8.762,9.575,-0.813,,,-8.762,-9.575,참고(n<10)
Canada,catboost_lo,stefan+lam0.25,x25_all_in_range,4,4,0.005,34.507,36.116,-1.609,-2.178,-0.95,-7.879,-7.986,참고(n<10)
Canada,catboost_lo,stefan+lam0.25,x25_any_out_of_range,743,32,0.995,26.253,26.443,-0.19,-0.905,0.291,1.938,2.363,
Canada,mlp,direct,all,747,36,1.0,27.645,26.504,1.141,-1.829,3.599,-4.396,2.307,
Canada,mlp,direct,complete,746,35,0.999,27.656,26.522,1.135,-1.91,3.58,-4.379,2.312,
Canada,mlp,direct,sg_missing,1,1,0.001,17.158,0.956,16.202,,,-17.158,-0.956,참고(n<10)
Canada,mlp,direct,aoa_in,354,23,0.474,30.591,30.361,0.23,-2.823,3.211,-0.317,4.977,
Canada,mlp,direct,aoa_out,393,22,0.526,24.693,22.469,2.223,-0.557,5.414,-8.071,-0.097,
Canada,mlp,direct,swe_in_range,746,35,0.999,27.643,26.519,1.123,-1.928,3.573,-4.363,2.323,
Canada,mlp,direct,swe_out_of_range,1,1,0.001,29.46,9.575,19.885,,,-29.46,-9.575,참고(n<10)
Canada,mlp,direct,x25_all_in_range,4,4,0.005,27.813,36.116,-8.304,-10.733,-5.408,-7.382,-7.986,참고(n<10)
Canada,mlp,direct,x25_any_out_of_range,743,32,0.995,27.644,26.443,1.202,-1.673,3.837,-4.38,2.363,
Canada,mlp,stefan+lam0.25,all,747,36,1.0,26.898,26.504,0.394,-0.31,1.241,0.707,2.307,
Canada,mlp,stefan+lam0.25,complete,746,35,0.999,26.915,26.522,0.393,-0.324,1.134,0.717,2.312,
Canada,mlp,stefan+lam0.25,sg_missing,1,1,0.001,6.573,0.956,5.617,,,-6.573,-0.956,참고(n<10)
Canada,mlp,stefan+lam0.25,aoa_in,354,23,0.474,30.498,30.361,0.137,-0.4,0.64,4.11,4.977,
Canada,mlp,stefan+lam0.25,aoa_out,393,22,0.526,23.181,22.469,0.712,-0.377,2.326,-2.358,-0.097,
Canada,mlp,stefan+lam0.25,swe_in_range,746,35,0.999,26.707,26.519,0.188,-0.418,0.707,0.831,2.323,
Canada,mlp,stefan+lam0.25,swe_out_of_range,1,1,0.001,91.424,9.575,81.849,,,-91.424,-9.575,참고(n<10)
Canada,mlp,stefan+lam0.25,x25_all_in_range,4,4,0.005,34.561,36.116,-1.555,-2.935,-0.76,-8.484,-7.986,참고(n<10)
Canada,mlp,stefan+lam0.25,x25_any_out_of_range,743,32,0.995,26.851,26.443,0.408,-0.295,1.234,0.757,2.363,
Russia_W,ridge,direct,all,28,18,1.0,52.506,42.456,10.05,2.207,20.425,-41.292,-32.366,
Russia_W,ridge,direct,complete,28,18,1.0,52.506,42.456,10.05,2.207,20.425,-41.292,-32.366,
Russia_W,ridge,direct,aoa_in,25,16,0.893,44.708,38.702,6.007,1.118,12.119,-35.602,-29.283,
Russia_W,ridge,direct,aoa_out,3,2,0.107,95.257,65.89,29.367,,,-88.706,-58.054,참고(n<10)
Russia_W,ridge,direct,swe_in_range,23,13,0.821,44.152,42.254,1.897,-1.364,5.067,-34.662,-32.026,
Russia_W,ridge,direct,swe_out_of_range,5,5,0.179,80.445,43.37,37.075,21.374,60.329,-71.789,-33.929,참고(n<10)
Russia_W,ridge,direct,x25_all_in_range,11,6,0.393,38.457,41.011,-2.554,-7.174,0.047,-28.542,-30.78,
Russia_W,ridge,direct,x25_any_out_of_range,17,13,0.607,59.865,43.365,16.5,6.776,28.526,-49.542,-33.392,
Russia_W,ridge,stefan+lam0.25,all,28,18,1.0,44.748,42.456,2.293,0.7,4.53,-35.011,-32.366,
Russia_W,ridge,stefan+lam0.25,complete,28,18,1.0,44.748,42.456,2.293,0.7,4.53,-35.011,-32.366,
Russia_W,ridge,stefan+lam0.25,aoa_in,25,16,0.893,40.209,38.702,1.507,0.264,3.145,-31.276,-29.283,
Russia_W,ridge,stefan+lam0.25,aoa_out,3,2,0.107,72.223,65.89,6.333,,,-66.134,-58.054,참고(n<10)
Russia_W,ridge,stefan+lam0.25,swe_in_range,23,13,0.821,42.922,42.254,0.667,-0.21,1.575,-33.054,-32.026,
Russia_W,ridge,stefan+lam0.25,swe_out_of_range,5,5,0.179,52.336,43.37,8.966,5.303,15.167,-44.013,-33.929,참고(n<10)
Russia_W,ridge,stefan+lam0.25,x25_all_in_range,11,6,0.393,40.572,41.011,-0.438,-1.527,0.315,-30.526,-30.78,
Russia_W,ridge,stefan+lam0.25,x25_any_out_of_range,17,13,0.607,47.254,43.365,3.889,1.876,6.613,-37.913,-33.392,
Russia_W,catboost_lo,direct,all,28,18,1.0,46.278,42.456,3.822,0.489,6.593,-37.298,-32.366,
Russia_W,catboost_lo,direct,complete,28,18,1.0,46.278,42.456,3.822,0.489,6.593,-37.298,-32.366,
Russia_W,catboost_lo,direct,aoa_in,25,16,0.893,41.878,38.702,3.176,0.053,6.133,-33.729,-29.283,
Russia_W,catboost_lo,direct,aoa_out,3,2,0.107,73.306,65.89,7.416,,,-67.047,-58.054,참고(n<10)
Russia_W,catboost_lo,direct,swe_in_range,23,13,0.821,44.548,42.254,2.294,-0.822,4.963,-35.499,-32.026,
Russia_W,catboost_lo,direct,swe_out_of_range,5,5,0.179,53.518,43.37,10.148,7.725,13.532,-45.575,-33.929,참고(n<10)
Russia_W,catboost_lo,direct,x25_all_in_range,11,6,0.393,40.119,41.011,-0.891,-6.918,2.917,-30.174,-30.78,
Russia_W,catboost_lo,direct,x25_any_out_of_range,17,13,0.607,49.859,43.365,6.493,4.849,8.844,-41.909,-33.392,
Russia_W,catboost_lo,stefan+lam0.25,all,28,18,1.0,42.648,42.456,0.193,-0.382,0.728,-32.758,-32.366,
Russia_W,catboost_lo,stefan+lam0.25,complete,28,18,1.0,42.648,42.456,0.193,-0.382,0.728,-32.758,-32.366,
Russia_W,catboost_lo,stefan+lam0.25,aoa_in,25,16,0.893,38.879,38.702,0.178,-0.493,0.795,-29.669,-29.283,
Russia_W,catboost_lo,stefan+lam0.25,aoa_out,3,2,0.107,66.177,65.89,0.287,,,-58.504,-58.054,참고(n<10)
Russia_W,catboost_lo,stefan+lam0.25,swe_in_range,23,13,0.821,42.085,42.254,-0.169,-0.76,0.328,-32.084,-32.026,
Russia_W,catboost_lo,stefan+lam0.25,swe_out_of_range,5,5,0.179,45.149,43.37,1.779,1.064,2.84,-35.857,-33.929,참고(n<10)
Russia_W,catboost_lo,stefan+lam0.25,x25_all_in_range,11,6,0.393,40.793,41.011,-0.217,-1.344,0.533,-30.626,-30.78,
Russia_W,catboost_lo,stefan+lam0.25,x25_any_out_of_range,17,13,0.607,43.807,43.365,0.441,-0.128,1.219,-34.138,-33.392,
Russia_W,mlp,direct,all,28,18,1.0,47.707,42.456,5.251,1.765,9.039,-38.921,-32.366,
Russia_W,mlp,direct,complete,28,18,1.0,47.707,42.456,5.251,1.765,9.039,-38.921,-32.366,
Russia_W,mlp,direct,aoa_in,25,16,0.893,43.458,38.702,4.756,1.005,8.416,-35.376,-29.283,
Russia_W,mlp,direct,aoa_out,3,2,0.107,74.187,65.89,8.297,,,-68.462,-58.054,참고(n<10)
Russia_W,mlp,direct,swe_in_range,23,13,0.821,44.806,42.254,2.551,-0.81,5.632,-36.256,-32.026,
Russia_W,mlp,direct,swe_out_of_range,5,5,0.179,59.249,43.37,15.879,11.041,22.477,-51.176,-33.929,참고(n<10)
Russia_W,mlp,direct,x25_all_in_range,11,6,0.393,42.22,41.011,1.209,-6.661,5.386,-34.202,-30.78,
Russia_W,mlp,direct,x25_any_out_of_range,17,13,0.607,50.943,43.365,7.578,3.816,12.372,-41.974,-33.392,
Russia_W,mlp,stefan+lam0.25,all,28,18,1.0,43.851,42.456,1.396,0.561,2.371,-34.33,-32.366,
Russia_W,mlp,stefan+lam0.25,complete,28,18,1.0,43.851,42.456,1.396,0.561,2.371,-34.33,-32.366,
Russia_W,mlp,stefan+lam0.25,aoa_in,25,16,0.893,39.991,38.702,1.289,0.362,2.215,-31.137,-29.283,
Russia_W,mlp,stefan+lam0.25,aoa_out,3,2,0.107,67.974,65.89,2.084,,,-60.936,-58.054,참고(n<10)
Russia_W,mlp,stefan+lam0.25,swe_in_range,23,13,0.821,42.987,42.254,0.733,-0.017,1.401,-33.324,-32.026,
Russia_W,mlp,stefan+lam0.25,swe_out_of_range,5,5,0.179,47.626,43.37,4.257,3.305,5.486,-38.954,-33.929,참고(n<10)
Russia_W,mlp,stefan+lam0.25,x25_all_in_range,11,6,0.393,41.369,41.011,0.359,-1.417,1.304,-31.823,-30.78,
Russia_W,mlp,stefan+lam0.25,x25_any_out_of_range,17,13,0.607,45.385,43.365,2.02,1.05,3.28,-35.952,-33.392,
Russia_C,ridge,direct,all,7,6,1.0,81.697,53.386,28.311,-3.722,45.626,-46.95,-19.904,참고(n<10)
Russia_C,ridge,direct,complete,6,5,0.857,87.97,57.641,30.329,-6.824,49.439,-51.941,-23.879,참고(n<10)
Russia_C,ridge,direct,sg_missing,1,1,0.143,17.005,3.944,13.061,,,-17.005,3.944,참고(n<10)
Russia_C,ridge,direct,aoa_in,3,3,0.429,10.677,3.681,6.996,1.189,13.061,-6.59,3.577,참고(n<10)
Russia_C,ridge,direct,aoa_out,4,3,0.571,107.679,70.551,37.128,-9.996,61.701,-77.219,-37.515,참고(n<10)
Russia_C,ridge,direct,swe_in_range,5,4,0.714,9.153,10.633,-1.48,-8.874,11.004,-6.414,8.426,참고(n<10)
Russia_C,ridge,direct,swe_out_of_range,2,2,0.286,152.155,98.451,53.704,,,-148.289,-90.729,참고(n<10)
Russia_C,ridge,direct,x25_any_out_of_range,7,6,1.0,81.697,53.386,28.311,-3.722,45.626,-46.95,-19.904,참고(n<10)
Russia_C,ridge,stefan+lam0.25,all,7,6,1.0,59.841,53.386,6.455,-3.893,10.849,-26.223,-19.904,참고(n<10)
Russia_C,ridge,stefan+lam0.25,complete,6,5,0.857,64.635,57.641,6.995,-4.073,11.794,-30.478,-23.879,참고(n<10)
Russia_C,ridge,stefan+lam0.25,sg_missing,1,1,0.143,0.688,3.944,-3.256,,,-0.688,3.944,참고(n<10)
Russia_C,ridge,stefan+lam0.25,aoa_in,3,3,0.429,2.528,3.681,-1.153,-3.256,1.024,1.794,3.577,참고(n<10)
Russia_C,ridge,stefan+lam0.25,aoa_out,4,3,0.571,79.132,70.551,8.581,-5.341,15.203,-47.235,-37.515,참고(n<10)
Russia_C,ridge,stefan+lam0.25,swe_in_range,5,4,0.714,7.139,10.633,-3.494,-4.892,0.218,5.275,8.426,참고(n<10)
Russia_C,ridge,stefan+lam0.25,swe_out_of_range,2,2,0.286,111.382,98.451,12.932,,,-104.967,-90.729,참고(n<10)
Russia_C,ridge,stefan+lam0.25,x25_any_out_of_range,7,6,1.0,59.841,53.386,6.455,-3.893,10.849,-26.223,-19.904,참고(n<10)
Russia_C,catboost_lo,direct,all,7,6,1.0,60.339,53.386,6.953,0.919,11.584,-21.702,-19.904,참고(n<10)
Russia_C,catboost_lo,direct,complete,6,5,0.857,64.761,57.641,7.12,-0.739,11.984,-28.305,-23.879,참고(n<10)
Russia_C,catboost_lo,direct,sg_missing,1,1,0.143,17.921,3.944,13.977,,,17.921,3.944,참고(n<10)
Russia_C,catboost_lo,direct,aoa_in,3,3,0.429,16.668,3.681,12.987,10.088,15.005,16.6,3.577,참고(n<10)
Russia_C,catboost_lo,direct,aoa_out,4,3,0.571,78.505,70.551,7.953,-8.356,13.303,-50.428,-37.515,참고(n<10)
Russia_C,catboost_lo,direct,swe_in_range,5,4,0.714,13.831,10.633,3.198,-5.231,14.397,11.204,8.426,참고(n<10)
Russia_C,catboost_lo,direct,swe_out_of_range,2,2,0.286,110.745,98.451,12.294,,,-103.965,-90.729,참고(n<10)
Russia_C,catboost_lo,direct,x25_any_out_of_range,7,6,1.0,60.339,53.386,6.953,0.919,11.584,-21.702,-19.904,참고(n<10)
Russia_C,catboost_lo,stefan+lam0.25,all,7,6,1.0,53.267,53.386,-0.119,-0.332,0.867,-18.993,-19.904,참고(n<10)
Russia_C,catboost_lo,stefan+lam0.25,complete,6,5,0.857,57.502,57.641,-0.139,-0.348,0.89,-22.957,-23.879,참고(n<10)
Russia_C,catboost_lo,stefan+lam0.25,sg_missing,1,1,0.143,4.794,3.944,0.85,,,4.794,3.944,참고(n<10)
Russia_C,catboost_lo,stefan+lam0.25,aoa_in,3,3,0.429,5.645,3.681,1.964,0.85,2.847,5.584,3.577,참고(n<10)
Russia_C,catboost_lo,stefan+lam0.25,aoa_out,4,3,0.571,70.296,70.551,-0.255,-0.541,0.218,-37.425,-37.515,참고(n<10)
Russia_C,catboost_lo,stefan+lam0.25,swe_in_range,5,4,0.714,11.265,10.633,0.632,0.266,2.623,9.558,8.426,참고(n<10)
Russia_C,catboost_lo,stefan+lam0.25,swe_out_of_range,2,2,0.286,98.049,98.451,-0.402,,,-90.37,-90.729,참고(n<10)
Russia_C,catboost_lo,stefan+lam0.25,x25_any_out_of_range,7,6,1.0,53.267,53.386,-0.119,-0.332,0.867,-18.993,-19.904,참고(n<10)
Russia_C,mlp,direct,all,7,6,1.0,56.747,53.386,3.361,-3.623,6.496,-21.715,-19.904,참고(n<10)
Russia_C,mlp,direct,complete,6,5,0.857,61.289,57.641,3.648,-2.73,6.951,-25.644,-23.879,참고(n<10)
Russia_C,mlp,direct,sg_missing,1,1,0.143,1.854,3.944,-2.09,,,1.854,3.944,참고(n<10)
Russia_C,mlp,direct,aoa_in,3,3,0.429,11.058,3.681,7.377,-2.09,13.147,9.48,3.577,참고(n<10)
Russia_C,mlp,direct,aoa_out,4,3,0.571,74.456,70.551,3.905,-9.441,8.726,-45.112,-37.515,참고(n<10)
Russia_C,mlp,direct,swe_in_range,5,4,0.714,9.572,10.633,-1.061,-7.8,11.522,8.321,8.426,참고(n<10)
Russia_C,mlp,direct,swe_out_of_range,2,2,0.286,105.08,98.451,6.629,,,-96.806,-90.729,참고(n<10)
Russia_C,mlp,direct,x25_any_out_of_range,7,6,1.0,56.747,53.386,3.361,-3.623,6.496,-21.715,-19.904,참고(n<10)
Russia_C,mlp,stefan+lam0.25,all,7,6,1.0,53.511,53.386,0.126,-0.724,0.569,-19.271,-19.904,참고(n<10)
Russia_C,mlp,stefan+lam0.25,complete,6,5,0.857,57.783,57.641,0.142,-0.852,0.628,-23.043,-23.879,참고(n<10)
Russia_C,mlp,stefan+lam0.25,sg_missing,1,1,0.143,3.359,3.944,-0.585,,,3.359,3.944,참고(n<10)
Russia_C,mlp,stefan+lam0.25,aoa_in,3,3,0.429,5.144,3.681,1.463,-0.585,3.069,5.002,3.577,참고(n<10)
Russia_C,mlp,stefan+lam0.25,aoa_out,4,3,0.571,70.649,70.551,0.098,-1.256,0.755,-37.476,-37.515,참고(n<10)
Russia_C,mlp,stefan+lam0.25,swe_in_range,5,4,0.714,10.901,10.633,0.268,-0.176,2.628,9.212,8.426,참고(n<10)
Russia_C,mlp,stefan+lam0.25,swe_out_of_range,2,2,0.286,98.616,98.451,0.165,,,-90.479,-90.729,참고(n<10)
Russia_C,mlp,stefan+lam0.25,x25_any_out_of_range,7,6,1.0,53.511,53.386,0.126,-0.724,0.569,-19.271,-19.904,참고(n<10)
Russia_E,ridge,direct,all,27,19,1.0,37.122,28.444,8.678,5.313,14.113,-24.912,-9.287,
Russia_E,ridge,direct,complete,27,19,1.0,37.122,28.444,8.678,5.313,14.113,-24.912,-9.287,
Russia_E,ridge,direct,aoa_in,19,13,0.704,41.69,33.379,8.311,4.778,13.885,-28.014,-13.348,
Russia_E,ridge,direct,aoa_out,8,7,0.296,22.873,9.195,13.677,5.75,20.885,-17.544,0.359,참고(n<10)
Russia_E,ridge,direct,swe_in_range,25,17,0.926,37.773,29.52,8.253,5.577,13.559,-24.886,-9.614,
Russia_E,ridge,direct,swe_out_of_range,2,2,0.074,27.722,5.424,22.298,,,-25.235,-5.194,참고(n<10)
Russia_E,ridge,direct,x25_all_in_range,3,3,0.111,9.009,6.528,2.48,-5.159,9.171,-2.103,4.535,참고(n<10)
Russia_E,ridge,direct,x25_any_out_of_range,24,17,0.889,39.245,30.081,9.164,6.168,15.244,-27.763,-11.015,
Russia_E,ridge,stefan+lam0.25,all,27,19,1.0,29.577,28.444,1.133,-1.161,2.195,-12.838,-9.287,
Russia_E,ridge,stefan+lam0.25,complete,27,19,1.0,29.577,28.444,1.133,-1.161,2.195,-12.838,-9.287,
Russia_E,ridge,stefan+lam0.25,aoa_in,19,13,0.704,34.584,33.379,1.206,-0.704,2.347,-16.654,-13.348,
Russia_E,ridge,stefan+lam0.25,aoa_out,8,7,0.296,10.576,9.195,1.381,-1.431,3.901,-3.777,0.359,참고(n<10)
Russia_E,ridge,stefan+lam0.25,swe_in_range,25,17,0.926,30.582,29.52,1.062,-0.571,2.056,-13.004,-9.614,
Russia_E,ridge,stefan+lam0.25,swe_out_of_range,2,2,0.074,10.914,5.424,5.49,,,-10.774,-5.194,참고(n<10)
Russia_E,ridge,stefan+lam0.25,x25_all_in_range,3,3,0.111,4.962,6.528,-1.566,-5.04,-0.875,2.873,4.535,참고(n<10)
Russia_E,ridge,stefan+lam0.25,x25_any_out_of_range,24,17,0.889,31.323,30.081,1.241,-0.047,2.374,-14.802,-11.015,
Russia_E,catboost_lo,direct,all,27,19,1.0,30.555,28.444,2.111,1.148,3.938,-9.023,-9.287,
Russia_E,catboost_lo,direct,complete,27,19,1.0,30.555,28.444,2.111,1.148,3.938,-9.023,-9.287,
Russia_E,catboost_lo,direct,aoa_in,19,13,0.704,34.997,33.379,1.618,0.022,2.39,-14.85,-13.348,
Russia_E,catboost_lo,direct,aoa_out,8,7,0.296,15.558,9.195,6.363,2.406,8.61,4.818,0.359,참고(n<10)
Russia_E,catboost_lo,direct,swe_in_range,25,17,0.926,31.753,29.52,2.233,1.402,3.943,-9.731,-9.614,
Russia_E,catboost_lo,direct,swe_out_of_range,2,2,0.074,0.423,5.424,-5.001,,,-0.162,-5.194,참고(n<10)
Russia_E,catboost_lo,direct,x25_all_in_range,3,3,0.111,6.137,6.528,-0.392,-2.36,3.511,-1.042,4.535,참고(n<10)
Russia_E,catboost_lo,direct,x25_any_out_of_range,24,17,0.889,32.336,30.081,2.254,1.397,3.764,-10.02,-11.015,
Russia_E,catboost_lo,stefan+lam0.25,all,27,19,1.0,28.82,28.444,0.376,0.04,1.131,-8.461,-9.287,
Russia_E,catboost_lo,stefan+lam0.25,complete,27,19,1.0,28.82,28.444,0.376,0.04,1.131,-8.461,-9.287,
Russia_E,catboost_lo,stefan+lam0.25,aoa_in,19,13,0.704,33.65,33.379,0.271,-0.367,0.748,-12.719,-13.348,
Russia_E,catboost_lo,stefan+lam0.25,aoa_out,8,7,0.296,10.682,9.195,1.487,0.324,2.148,1.654,0.359,참고(n<10)
Russia_E,catboost_lo,stefan+lam0.25,swe_in_range,25,17,0.926,29.923,29.52,0.403,0.096,0.925,-8.778,-9.614,
Russia_E,catboost_lo,stefan+lam0.25,swe_out_of_range,2,2,0.074,4.578,5.424,-0.846,,,-4.499,-5.194,참고(n<10)
Russia_E,catboost_lo,stefan+lam0.25,x25_all_in_range,3,3,0.111,7.072,6.528,0.544,-0.365,1.265,4.909,4.535,참고(n<10)
Russia_E,catboost_lo,stefan+lam0.25,x25_any_out_of_range,24,17,0.889,30.466,30.081,0.385,0.034,0.893,-10.132,-11.015,
Russia_E,mlp,direct,all,27,19,1.0,30.366,28.444,1.921,1.043,5.38,-7.045,-9.287,
Russia_E,mlp,direct,complete,27,19,1.0,30.366,28.444,1.921,1.043,5.38,-7.045,-9.287,
Russia_E,mlp,direct,aoa_in,19,13,0.704,34.468,33.379,1.089,0.195,2.611,-12.194,-13.348,
Russia_E,mlp,direct,aoa_out,8,7,0.296,17.042,9.195,7.846,4.368,10.756,5.186,0.359,참고(n<10)
Russia_E,mlp,direct,swe_in_range,25,17,0.926,31.49,29.52,1.97,1.179,4.903,-7.266,-9.614,
Russia_E,mlp,direct,swe_out_of_range,2,2,0.074,7.272,5.424,1.848,,,-4.28,-5.194,참고(n<10)
Russia_E,mlp,direct,x25_all_in_range,3,3,0.111,8.341,6.528,1.812,-2.814,5.315,1.034,4.535,참고(n<10)
Russia_E,mlp,direct,x25_any_out_of_range,24,17,0.889,32.072,30.081,1.991,1.202,5.064,-8.055,-11.015,
Russia_E,mlp,stefan+lam0.25,all,27,19,1.0,28.834,28.444,0.39,0.125,0.757,-9.187,-9.287,
Russia_E,mlp,stefan+lam0.25,complete,27,19,1.0,28.834,28.444,0.39,0.125,0.757,-9.187,-9.287,
Russia_E,mlp,stefan+lam0.25,aoa_in,19,13,0.704,33.677,33.379,0.299,-0.165,0.519,-13.476,-13.348,
Russia_E,mlp,stefan+lam0.25,aoa_out,8,7,0.296,10.597,9.195,1.402,0.7,1.988,1.0,0.359,참고(n<10)
Russia_E,mlp,stefan+lam0.25,swe_in_range,25,17,0.926,29.918,29.52,0.398,0.138,0.636,-9.448,-9.614,
Russia_E,mlp,stefan+lam0.25,swe_out_of_range,2,2,0.074,5.926,5.424,0.503,,,-5.923,-5.194,참고(n<10)
Russia_E,mlp,stefan+lam0.25,x25_all_in_range,3,3,0.111,5.98,6.528,-0.549,-2.877,1.992,2.765,4.535,참고(n<10)
Russia_E,mlp,stefan+lam0.25,x25_any_out_of_range,24,17,0.889,30.51,30.081,0.429,0.203,0.782,-10.681,-11.015,
Svalbard,ridge,direct,all,3,3,1.0,287.352,117.716,169.636,-30.991,334.728,-205.349,-110.815,참고(n<10)
Svalbard,ridge,direct,complete,3,3,1.0,287.352,117.716,169.636,-30.991,334.728,-205.349,-110.815,참고(n<10)
Svalbard,ridge,direct,aoa_in,1,1,0.333,37.597,57.729,-20.133,,,-37.597,-57.729,참고(n<10)
Svalbard,ridge,direct,aoa_out,2,2,0.667,350.928,138.273,212.655,,,-289.226,-137.357,참고(n<10)
Svalbard,ridge,direct,swe_in_range,1,1,0.333,37.597,57.729,-20.133,,,-37.597,-57.729,참고(n<10)
Svalbard,ridge,direct,swe_out_of_range,2,2,0.667,350.928,138.273,212.655,,,-289.226,-137.357,참고(n<10)
Svalbard,ridge,direct,x25_any_out_of_range,3,3,1.0,287.352,117.716,169.636,-30.991,334.728,-205.349,-110.815,참고(n<10)
Svalbard,ridge,stefan+lam0.25,all,3,3,1.0,156.229,117.716,38.513,-7.206,86.268,-135.567,-110.815,참고(n<10)
Svalbard,ridge,stefan+lam0.25,complete,3,3,1.0,156.229,117.716,38.513,-7.206,86.268,-135.567,-110.815,참고(n<10)
Svalbard,ridge,stefan+lam0.25,aoa_in,1,1,0.333,52.924,57.729,-4.805,,,-52.924,-57.729,참고(n<10)
Svalbard,ridge,stefan+lam0.25,aoa_out,2,2,0.667,187.645,138.273,49.373,,,-176.888,-137.357,참고(n<10)
Svalbard,ridge,stefan+lam0.25,swe_in_range,1,1,0.333,52.924,57.729,-4.805,,,-52.924,-57.729,참고(n<10)
Svalbard,ridge,stefan+lam0.25,swe_out_of_range,2,2,0.667,187.645,138.273,49.373,,,-176.888,-137.357,참고(n<10)
Svalbard,ridge,stefan+lam0.25,x25_any_out_of_range,3,3,1.0,156.229,117.716,38.513,-7.206,86.268,-135.567,-110.815,참고(n<10)
Svalbard,catboost_lo,direct,all,3,3,1.0,102.135,117.716,-15.581,-17.554,-12.862,-94.912,-110.815,참고(n<10)
Svalbard,catboost_lo,direct,complete,3,3,1.0,102.135,117.716,-15.581,-17.554,-12.862,-94.912,-110.815,참고(n<10)
Svalbard,catboost_lo,direct,aoa_in,1,1,0.333,44.867,57.729,-12.862,,,-44.867,-57.729,참고(n<10)
Svalbard,catboost_lo,direct,aoa_out,2,2,0.667,121.0,138.273,-17.273,,,-119.935,-137.357,참고(n<10)
Svalbard,catboost_lo,direct,swe_in_range,1,1,0.333,44.867,57.729,-12.862,,,-44.867,-57.729,참고(n<10)
Svalbard,catboost_lo,direct,swe_out_of_range,2,2,0.667,121.0,138.273,-17.273,,,-119.935,-137.357,참고(n<10)
Svalbard,catboost_lo,direct,x25_any_out_of_range,3,3,1.0,102.135,117.716,-15.581,-17.554,-12.862,-94.912,-110.815,참고(n<10)
Svalbard,catboost_lo,stefan+lam0.25,all,3,3,1.0,117.788,117.716,0.072,-0.653,0.758,-110.78,-110.815,참고(n<10)
Svalbard,catboost_lo,stefan+lam0.25,complete,3,3,1.0,117.788,117.716,0.072,-0.653,0.758,-110.78,-110.815,참고(n<10)
Svalbard,catboost_lo,stefan+lam0.25,aoa_in,1,1,0.333,57.52,57.729,-0.209,,,-57.52,-57.729,참고(n<10)
Svalbard,catboost_lo,stefan+lam0.25,aoa_out,2,2,0.667,138.408,138.273,0.135,,,-137.41,-137.357,참고(n<10)
Svalbard,catboost_lo,stefan+lam0.25,swe_in_range,1,1,0.333,57.52,57.729,-0.209,,,-57.52,-57.729,참고(n<10)
Svalbard,catboost_lo,stefan+lam0.25,swe_out_of_range,2,2,0.667,138.408,138.273,0.135,,,-137.41,-137.357,참고(n<10)
Svalbard,catboost_lo,stefan+lam0.25,x25_any_out_of_range,3,3,1.0,117.788,117.716,0.072,-0.653,0.758,-110.78,-110.815,참고(n<10)
Svalbard,mlp,direct,all,3,3,1.0,114.205,117.716,-3.511,-30.343,16.983,-101.445,-110.815,참고(n<10)
Svalbard,mlp,direct,complete,3,3,1.0,114.205,117.716,-3.511,-30.343,16.983,-101.445,-110.815,참고(n<10)
Svalbard,mlp,direct,aoa_in,1,1,0.333,42.981,57.729,-14.748,,,-42.981,-57.729,참고(n<10)
Svalbard,mlp,direct,aoa_out,2,2,0.667,136.53,138.273,-1.742,,,-130.678,-137.357,참고(n<10)
Svalbard,mlp,direct,swe_in_range,1,1,0.333,42.981,57.729,-14.748,,,-42.981,-57.729,참고(n<10)
Svalbard,mlp,direct,swe_out_of_range,2,2,0.667,136.53,138.273,-1.742,,,-130.678,-137.357,참고(n<10)
Svalbard,mlp,direct,x25_any_out_of_range,3,3,1.0,114.205,117.716,-3.511,-30.343,16.983,-101.445,-110.815,참고(n<10)
Svalbard,mlp,stefan+lam0.25,all,3,3,1.0,130.486,117.716,12.77,-2.008,30.027,-119.828,-110.815,참고(n<10)
Svalbard,mlp,stefan+lam0.25,complete,3,3,1.0,130.486,117.716,12.77,-2.008,30.027,-119.828,-110.815,참고(n<10)
Svalbard,mlp,stefan+lam0.25,aoa_in,1,1,0.333,56.75,57.729,-0.98,,,-56.75,-57.729,참고(n<10)
Svalbard,mlp,stefan+lam0.25,aoa_out,2,2,0.667,154.692,138.273,16.419,,,-151.367,-137.357,참고(n<10)
Svalbard,mlp,stefan+lam0.25,swe_in_range,1,1,0.333,56.75,57.729,-0.98,,,-56.75,-57.729,참고(n<10)
Svalbard,mlp,stefan+lam0.25,swe_out_of_range,2,2,0.667,154.692,138.273,16.419,,,-151.367,-137.357,참고(n<10)
Svalbard,mlp,stefan+lam0.25,x25_any_out_of_range,3,3,1.0,130.486,117.716,12.77,-2.008,30.027,-119.828,-110.815,참고(n<10)
Mongolia_CAsia,ridge,direct,all,43,19,1.0,280.545,266.057,14.488,6.915,22.348,-251.222,-236.227,
Mongolia_CAsia,ridge,direct,complete,43,19,1.0,280.545,266.057,14.488,6.915,22.348,-251.222,-236.227,
Mongolia_CAsia,ridge,direct,aoa_out,43,19,1.0,280.545,266.057,14.488,6.915,22.348,-251.222,-236.227,
Mongolia_CAsia,ridge,direct,swe_in_range,4,2,0.093,244.654,245.337,-0.683,,,-219.149,-224.421,참고(n<10)
Mongolia_CAsia,ridge,direct,swe_out_of_range,39,19,0.907,283.97,268.092,15.878,8.101,23.026,-254.511,-237.438,
Mongolia_CAsia,ridge,direct,x25_any_out_of_range,43,19,1.0,280.545,266.057,14.488,6.915,22.348,-251.222,-236.227,
Mongolia_CAsia,ridge,stefan+lam0.25,all,43,19,1.0,269.172,266.057,3.115,1.224,5.101,-239.535,-236.227,
Mongolia_CAsia,ridge,stefan+lam0.25,complete,43,19,1.0,269.172,266.057,3.115,1.224,5.101,-239.535,-236.227,
Mongolia_CAsia,ridge,stefan+lam0.25,aoa_out,43,19,1.0,269.172,266.057,3.115,1.224,5.101,-239.535,-236.227,
Mongolia_CAsia,ridge,stefan+lam0.25,swe_in_range,4,2,0.093,245.1,245.337,-0.236,,,-223.004,-224.421,참고(n<10)
Mongolia_CAsia,ridge,stefan+lam0.25,swe_out_of_range,39,19,0.907,271.52,268.092,3.429,1.439,5.228,-241.23,-237.438,
Mongolia_CAsia,ridge,stefan+lam0.25,x25_any_out_of_range,43,19,1.0,269.172,266.057,3.115,1.224,5.101,-239.535,-236.227,
Mongolia_CAsia,catboost_lo,direct,all,43,19,1.0,272.558,266.057,6.501,3.491,9.454,-243.318,-236.227,
Mongolia_CAsia,catboost_lo,direct,complete,43,19,1.0,272.558,266.057,6.501,3.491,9.454,-243.318,-236.227,
Mongolia_CAsia,catboost_lo,direct,aoa_out,43,19,1.0,272.558,266.057,6.501,3.491,9.454,-243.318,-236.227,
Mongolia_CAsia,catboost_lo,direct,swe_in_range,4,2,0.093,248.149,245.337,2.813,,,-224.304,-224.421,참고(n<10)
Mongolia_CAsia,catboost_lo,direct,swe_out_of_range,39,19,0.907,274.939,268.092,6.847,3.891,9.744,-245.268,-237.438,
Mongolia_CAsia,catboost_lo,direct,x25_any_out_of_range,43,19,1.0,272.558,266.057,6.501,3.491,9.454,-243.318,-236.227,
Mongolia_CAsia,catboost_lo,stefan+lam0.25,all,43,19,1.0,265.572,266.057,-0.485,-0.935,-0.039,-235.691,-236.227,
Mongolia_CAsia,catboost_lo,stefan+lam0.25,complete,43,19,1.0,265.572,266.057,-0.485,-0.935,-0.039,-235.691,-236.227,
Mongolia_CAsia,catboost_lo,stefan+lam0.25,aoa_out,43,19,1.0,265.572,266.057,-0.485,-0.935,-0.039,-235.691,-236.227,
Mongolia_CAsia,catboost_lo,stefan+lam0.25,swe_in_range,4,2,0.093,245.335,245.337,-0.002,,,-223.702,-224.421,참고(n<10)
Mongolia_CAsia,catboost_lo,stefan+lam0.25,swe_out_of_range,39,19,0.907,267.561,268.092,-0.531,-1.01,-0.067,-236.92,-237.438,
Mongolia_CAsia,catboost_lo,stefan+lam0.25,x25_any_out_of_range,43,19,1.0,265.572,266.057,-0.485,-0.935,-0.039,-235.691,-236.227,
Mongolia_CAsia,mlp,direct,all,43,19,1.0,268.543,266.057,2.485,-2.383,7.162,-238.193,-236.227,
Mongolia_CAsia,mlp,direct,complete,43,19,1.0,268.543,266.057,2.485,-2.383,7.162,-238.193,-236.227,
Mongolia_CAsia,mlp,direct,aoa_out,43,19,1.0,268.543,266.057,2.485,-2.383,7.162,-238.193,-236.227,
Mongolia_CAsia,mlp,direct,swe_in_range,4,2,0.093,246.767,245.337,1.431,,,-218.69,-224.421,참고(n<10)
Mongolia_CAsia,mlp,direct,swe_out_of_range,39,19,0.907,270.677,268.092,2.585,-2.9,7.495,-240.194,-237.438,
Mongolia_CAsia,mlp,direct,x25_any_out_of_range,43,19,1.0,268.543,266.057,2.485,-2.383,7.162,-238.193,-236.227,
Mongolia_CAsia,mlp,stefan+lam0.25,all,43,19,1.0,265.595,266.057,-0.462,-1.408,0.46,-235.599,-236.227,
Mongolia_CAsia,mlp,stefan+lam0.25,complete,43,19,1.0,265.595,266.057,-0.462,-1.408,0.46,-235.599,-236.227,
Mongolia_CAsia,mlp,stefan+lam0.25,aoa_out,43,19,1.0,265.595,266.057,-0.462,-1.408,0.46,-235.599,-236.227,
Mongolia_CAsia,mlp,stefan+lam0.25,swe_in_range,4,2,0.093,245.469,245.337,0.133,,,-223.631,-224.421,참고(n<10)
Mongolia_CAsia,mlp,stefan+lam0.25,swe_out_of_range,39,19,0.907,267.574,268.092,-0.518,-1.591,0.478,-236.827,-237.438,
Mongolia_CAsia,mlp,stefan+lam0.25,x25_any_out_of_range,43,19,1.0,265.595,266.057,-0.462,-1.408,0.46,-235.599,-236.227,
Alps,ridge,direct,all,8,4,1.0,896.755,333.941,562.814,3.676,1135.286,-625.386,-324.134,참고(n<10)
Alps,ridge,direct,complete,8,4,1.0,896.755,333.941,562.814,3.676,1135.286,-625.386,-324.134,참고(n<10)
Alps,ridge,direct,aoa_out,8,4,1.0,896.755,333.941,562.814,3.676,1135.286,-625.386,-324.134,참고(n<10)
Alps,ridge,direct,swe_out_of_range,8,4,1.0,896.755,333.941,562.814,3.676,1135.286,-625.386,-324.134,참고(n<10)
Alps,ridge,direct,x25_any_out_of_range,8,4,1.0,896.755,333.941,562.814,3.676,1135.286,-625.386,-324.134,참고(n<10)
Alps,ridge,stefan+lam0.25,all,8,4,1.0,442.721,333.941,108.78,1.123,263.145,-401.095,-324.134,참고(n<10)
Alps,ridge,stefan+lam0.25,complete,8,4,1.0,442.721,333.941,108.78,1.123,263.145,-401.095,-324.134,참고(n<10)
Alps,ridge,stefan+lam0.25,aoa_out,8,4,1.0,442.721,333.941,108.78,1.123,263.145,-401.095,-324.134,참고(n<10)
Alps,ridge,stefan+lam0.25,swe_out_of_range,8,4,1.0,442.721,333.941,108.78,1.123,263.145,-401.095,-324.134,참고(n<10)
Alps,ridge,stefan+lam0.25,x25_any_out_of_range,8,4,1.0,442.721,333.941,108.78,1.123,263.145,-401.095,-324.134,참고(n<10)
Alps,catboost_lo,direct,all,8,4,1.0,332.917,333.941,-1.024,-7.536,4.871,-322.887,-324.134,참고(n<10)
Alps,catboost_lo,direct,complete,8,4,1.0,332.917,333.941,-1.024,-7.536,4.871,-322.887,-324.134,참고(n<10)
Alps,catboost_lo,direct,aoa_out,8,4,1.0,332.917,333.941,-1.024,-7.536,4.871,-322.887,-324.134,참고(n<10)
Alps,catboost_lo,direct,swe_out_of_range,8,4,1.0,332.917,333.941,-1.024,-7.536,4.871,-322.887,-324.134,참고(n<10)
Alps,catboost_lo,direct,x25_any_out_of_range,8,4,1.0,332.917,333.941,-1.024,-7.536,4.871,-322.887,-324.134,참고(n<10)
Alps,catboost_lo,stefan+lam0.25,all,8,4,1.0,333.469,333.941,-0.472,-0.857,-0.176,-323.667,-324.134,참고(n<10)
Alps,catboost_lo,stefan+lam0.25,complete,8,4,1.0,333.469,333.941,-0.472,-0.857,-0.176,-323.667,-324.134,참고(n<10)
Alps,catboost_lo,stefan+lam0.25,aoa_out,8,4,1.0,333.469,333.941,-0.472,-0.857,-0.176,-323.667,-324.134,참고(n<10)
Alps,catboost_lo,stefan+lam0.25,swe_out_of_range,8,4,1.0,333.469,333.941,-0.472,-0.857,-0.176,-323.667,-324.134,참고(n<10)
Alps,catboost_lo,stefan+lam0.25,x25_any_out_of_range,8,4,1.0,333.469,333.941,-0.472,-0.857,-0.176,-323.667,-324.134,참고(n<10)
Alps,mlp,direct,all,8,4,1.0,355.676,333.941,21.736,-41.352,111.003,-339.891,-324.134,참고(n<10)
Alps,mlp,direct,complete,8,4,1.0,355.676,333.941,21.736,-41.352,111.003,-339.891,-324.134,참고(n<10)
Alps,mlp,direct,aoa_out,8,4,1.0,355.676,333.941,21.736,-41.352,111.003,-339.891,-324.134,참고(n<10)
Alps,mlp,direct,swe_out_of_range,8,4,1.0,355.676,333.941,21.736,-41.352,111.003,-339.891,-324.134,참고(n<10)
Alps,mlp,direct,x25_any_out_of_range,8,4,1.0,355.676,333.941,21.736,-41.352,111.003,-339.891,-324.134,참고(n<10)
Alps,mlp,stefan+lam0.25,all,8,4,1.0,362.96,333.941,29.019,-10.267,93.874,-347.257,-324.134,참고(n<10)
Alps,mlp,stefan+lam0.25,complete,8,4,1.0,362.96,333.941,29.019,-10.267,93.874,-347.257,-324.134,참고(n<10)
Alps,mlp,stefan+lam0.25,aoa_out,8,4,1.0,362.96,333.941,29.019,-10.267,93.874,-347.257,-324.134,참고(n<10)
Alps,mlp,stefan+lam0.25,swe_out_of_range,8,4,1.0,362.96,333.941,29.019,-10.267,93.874,-347.257,-324.134,참고(n<10)
Alps,mlp,stefan+lam0.25,x25_any_out_of_range,8,4,1.0,362.96,333.941,29.019,-10.267,93.874,-347.257,-324.134,참고(n<10)
Tibet,ridge,direct,all,7,7,1.0,138.451,183.522,-45.071,-55.661,-32.932,-112.966,-158.126,참고(n<10)
Tibet,ridge,direct,complete,7,7,1.0,138.451,183.522,-45.071,-55.661,-32.932,-112.966,-158.126,참고(n<10)
Tibet,ridge,direct,aoa_in,1,1,0.143,49.279,30.801,18.477,,,-49.279,-30.801,참고(n<10)
Tibet,ridge,direct,aoa_out,6,6,0.857,148.185,197.828,-49.643,-57.333,-43.023,-123.581,-179.347,참고(n<10)
Tibet,ridge,direct,swe_in_range,1,1,0.143,70.709,121.569,-50.86,,,-70.709,-121.569,참고(n<10)
Tibet,ridge,direct,swe_out_of_range,6,6,0.857,146.732,191.913,-45.181,-56.151,-28.905,-120.009,-164.219,참고(n<10)
Tibet,ridge,direct,x25_any_out_of_range,7,7,1.0,138.451,183.522,-45.071,-55.661,-32.932,-112.966,-158.126,참고(n<10)
Tibet,ridge,stefan+lam0.25,all,7,7,1.0,171.531,183.522,-11.991,-14.438,-9.064,-146.471,-158.126,참고(n<10)
Tibet,ridge,stefan+lam0.25,complete,7,7,1.0,171.531,183.522,-11.991,-14.438,-9.064,-146.471,-158.126,참고(n<10)
Tibet,ridge,stefan+lam0.25,aoa_in,1,1,0.143,35.296,30.801,4.494,,,-35.296,-30.801,참고(n<10)
Tibet,ridge,stefan+lam0.25,aoa_out,6,6,0.857,184.714,197.828,-13.114,-14.798,-11.836,-165.0,-179.347,참고(n<10)
Tibet,ridge,stefan+lam0.25,swe_in_range,1,1,0.143,108.455,121.569,-13.114,,,-108.455,-121.569,참고(n<10)
Tibet,ridge,stefan+lam0.25,swe_out_of_range,6,6,0.857,179.906,191.913,-12.007,-14.606,-8.329,-152.806,-164.219,참고(n<10)
Tibet,ridge,stefan+lam0.25,x25_any_out_of_range,7,7,1.0,171.531,183.522,-11.991,-14.438,-9.064,-146.471,-158.126,참고(n<10)
Tibet,catboost_lo,direct,all,7,7,1.0,162.019,183.522,-21.504,-26.396,-14.947,-138.534,-158.126,참고(n<10)
Tibet,catboost_lo,direct,complete,7,7,1.0,162.019,183.522,-21.504,-26.396,-14.947,-138.534,-158.126,참고(n<10)
Tibet,catboost_lo,direct,aoa_in,1,1,0.143,51.291,30.801,20.489,,,-51.291,-30.801,참고(n<10)
Tibet,catboost_lo,direct,aoa_out,6,6,0.857,173.743,197.828,-24.085,-27.101,-20.208,-153.074,-179.347,참고(n<10)
Tibet,catboost_lo,direct,swe_in_range,1,1,0.143,97.922,121.569,-23.647,,,-97.922,-121.569,참고(n<10)
Tibet,catboost_lo,direct,swe_out_of_range,6,6,0.857,170.373,191.913,-21.54,-26.947,-13.128,-145.302,-164.219,참고(n<10)
Tibet,catboost_lo,direct,x25_any_out_of_range,7,7,1.0,162.019,183.522,-21.504,-26.396,-14.947,-138.534,-158.126,참고(n<10)
Tibet,catboost_lo,stefan+lam0.25,all,7,7,1.0,180.391,183.522,-3.131,-3.837,-2.146,-155.324,-158.126,참고(n<10)
Tibet,catboost_lo,stefan+lam0.25,complete,7,7,1.0,180.391,183.522,-3.131,-3.837,-2.146,-155.324,-158.126,참고(n<10)
Tibet,catboost_lo,stefan+lam0.25,aoa_in,1,1,0.143,32.401,30.801,1.6,,,-32.401,-30.801,참고(n<10)
Tibet,catboost_lo,stefan+lam0.25,aoa_out,6,6,0.857,194.395,197.828,-3.432,-4.058,-2.804,-175.811,-179.347,참고(n<10)
Tibet,catboost_lo,stefan+lam0.25,swe_in_range,1,1,0.143,117.433,121.569,-4.136,,,-117.433,-121.569,참고(n<10)
Tibet,catboost_lo,stefan+lam0.25,swe_out_of_range,6,6,0.857,188.854,191.913,-3.059,-3.866,-1.951,-161.639,-164.219,참고(n<10)
Tibet,catboost_lo,stefan+lam0.25,x25_any_out_of_range,7,7,1.0,180.391,183.522,-3.131,-3.837,-2.146,-155.324,-158.126,참고(n<10)
Tibet,mlp,direct,all,7,7,1.0,145.857,183.522,-37.665,-47.815,-25.085,-121.075,-158.126,참고(n<10)
Tibet,mlp,direct,complete,7,7,1.0,145.857,183.522,-37.665,-47.815,-25.085,-121.075,-158.126,참고(n<10)
Tibet,mlp,direct,aoa_in,1,1,0.143,54.598,30.801,23.796,,,-54.598,-30.801,참고(n<10)
Tibet,mlp,direct,aoa_out,6,6,0.857,155.959,197.828,-41.868,-49.145,-34.563,-132.155,-179.347,참고(n<10)
Tibet,mlp,direct,swe_in_range,1,1,0.143,72.482,121.569,-49.087,,,-72.482,-121.569,참고(n<10)
Tibet,mlp,direct,swe_out_of_range,6,6,0.857,154.74,191.913,-37.173,-47.054,-24.271,-129.174,-164.219,참고(n<10)
Tibet,mlp,direct,x25_any_out_of_range,7,7,1.0,145.857,183.522,-37.665,-47.815,-25.085,-121.075,-158.126,참고(n<10)
Tibet,mlp,stefan+lam0.25,all,7,7,1.0,179.613,183.522,-3.91,-5.082,-2.48,-154.569,-158.126,참고(n<10)
Tibet,mlp,stefan+lam0.25,complete,7,7,1.0,179.613,183.522,-3.91,-5.082,-2.48,-154.569,-158.126,참고(n<10)
Tibet,mlp,stefan+lam0.25,aoa_in,1,1,0.143,34.626,30.801,3.825,,,-34.626,-30.801,참고(n<10)
Tibet,mlp,stefan+lam0.25,aoa_out,6,6,0.857,193.488,197.828,-4.339,-5.398,-3.329,-174.559,-179.347,참고(n<10)
Tibet,mlp,stefan+lam0.25,swe_in_range,1,1,0.143,116.4,121.569,-5.17,,,-116.4,-121.569,참고(n<10)
Tibet,mlp,stefan+lam0.25,swe_out_of_range,6,6,0.857,188.094,191.913,-3.819,-5.245,-2.363,-160.93,-164.219,참고(n<10)
Tibet,mlp,stefan+lam0.25,x25_any_out_of_range,7,7,1.0,179.613,183.522,-3.91,-5.082,-2.48,-154.569,-158.126,참고(n<10)
Scandinavia,ridge,direct,all,3,3,1.0,285.159,294.281,-9.122,-18.044,15.349,-228.149,-229.208,참고(n<10)
Scandinavia,ridge,direct,complete,3,3,1.0,285.159,294.281,-9.122,-18.044,15.349,-228.149,-229.208,참고(n<10)
Scandinavia,ridge,direct,aoa_out,3,3,1.0,285.159,294.281,-9.122,-18.044,15.349,-228.149,-229.208,참고(n<10)
Scandinavia,ridge,direct,swe_out_of_range,3,3,1.0,285.159,294.281,-9.122,-18.044,15.349,-228.149,-229.208,참고(n<10)
Scandinavia,ridge,direct,x25_any_out_of_range,3,3,1.0,285.159,294.281,-9.122,-18.044,15.349,-228.149,-229.208,참고(n<10)
Scandinavia,ridge,stefan+lam0.25,all,3,3,1.0,292.281,294.281,-2.0,-4.201,4.47,-229.453,-229.208,참고(n<10)
Scandinavia,ridge,stefan+lam0.25,complete,3,3,1.0,292.281,294.281,-2.0,-4.201,4.47,-229.453,-229.208,참고(n<10)
Scandinavia,ridge,stefan+lam0.25,aoa_out,3,3,1.0,292.281,294.281,-2.0,-4.201,4.47,-229.453,-229.208,참고(n<10)
Scandinavia,ridge,stefan+lam0.25,swe_out_of_range,3,3,1.0,292.281,294.281,-2.0,-4.201,4.47,-229.453,-229.208,참고(n<10)
Scandinavia,ridge,stefan+lam0.25,x25_any_out_of_range,3,3,1.0,292.281,294.281,-2.0,-4.201,4.47,-229.453,-229.208,참고(n<10)
Scandinavia,catboost_lo,direct,all,3,3,1.0,288.683,294.281,-5.598,-9.441,-4.146,-221.077,-229.208,참고(n<10)
Scandinavia,catboost_lo,direct,complete,3,3,1.0,288.683,294.281,-5.598,-9.441,-4.146,-221.077,-229.208,참고(n<10)
Scandinavia,catboost_lo,direct,aoa_out,3,3,1.0,288.683,294.281,-5.598,-9.441,-4.146,-221.077,-229.208,참고(n<10)
Scandinavia,catboost_lo,direct,swe_out_of_range,3,3,1.0,288.683,294.281,-5.598,-9.441,-4.146,-221.077,-229.208,참고(n<10)
Scandinavia,catboost_lo,direct,x25_any_out_of_range,3,3,1.0,288.683,294.281,-5.598,-9.441,-4.146,-221.077,-229.208,참고(n<10)
Scandinavia,catboost_lo,stefan+lam0.25,all,3,3,1.0,294.496,294.281,0.215,-0.214,0.379,-229.291,-229.208,참고(n<10)
Scandinavia,catboost_lo,stefan+lam0.25,complete,3,3,1.0,294.496,294.281,0.215,-0.214,0.379,-229.291,-229.208,참고(n<10)
Scandinavia,catboost_lo,stefan+lam0.25,aoa_out,3,3,1.0,294.496,294.281,0.215,-0.214,0.379,-229.291,-229.208,참고(n<10)
Scandinavia,catboost_lo,stefan+lam0.25,swe_out_of_range,3,3,1.0,294.496,294.281,0.215,-0.214,0.379,-229.291,-229.208,참고(n<10)
Scandinavia,catboost_lo,stefan+lam0.25,x25_any_out_of_range,3,3,1.0,294.496,294.281,0.215,-0.214,0.379,-229.291,-229.208,참고(n<10)
