Event,macro,lat,lon,n_years,year_min,year_max,alt_mean,alt_sd,alt_min,alt_max,alt_sd_detr,se_multiyear,cv
CALM_C1,Canada,78.8833,-75.9167,5,1995,2001,53.8,7.661592523751183,43.0,62.0,3.1286670027236076,3.426368339802363,0.14240878296935283
CALM_C10,Canada,65.2833,-126.8833,11,1990,2000,67.81818181818181,8.36442684011501,58.0,80.0,5.571844806296592,2.5219695831854114,0.12333605260223207
CALM_C11A,Canada,65.1931,-126.4689,14,1992,2005,62.285714285714285,2.4314785444432587,59.0,66.0,2.528156461055188,0.6498399754713193,0.03903749956674957
CALM_C11B,Canada,65.1931,-126.4689,11,1998,2008,46.09090909090909,3.5058392848088595,39.0,50.0,3.692060824433034,1.0570503166362644,0.07606357422662219
CALM_C12,Canada,64.9167,-125.5833,11,1990,2000,74.18181818181819,8.20753534038303,63.0,87.0,6.905129113985298,2.4746650161484003,0.1106407950296732
CALM_C13,Canada,63.5,-123.7,16,1994,2017,64.5625,3.9322385482063527,58.0,72.0,2.699943182416519,0.9830596370515882,0.060905921366216496
CALM_C14A,Canada,62.6967,-123.065,20,1993,2018,87.35,5.091530635332198,79.0,102.0,4.060301132550785,1.1385008610125487,0.05828884528142185
CALM_C14B,Canada,62.6967,-123.065,11,2001,2013,81.0909090909091,6.284179269475775,72.0,88.0,4.734474185003872,1.8947513411073493,0.07749548426483578
CALM_C15A,Canada,61.8878,-121.6017,3,1993,1995,108.0,14.106735979665885,95.0,123.0,2.449489742783178,8.144527815247079,0.13061792573764708
CALM_C15B,Canada,61.8878,-121.6017,14,1999,2015,89.28571428571429,9.571018524921767,76.0,104.0,5.953940098581288,2.5579622973374114,0.10719540747912379
CALM_C16,Canada,81.4007,-71.3833,6,1994,1999,47.666666666666664,3.3266599866332407,43.0,52.0,3.560363812335823,1.358103252497558,0.06979006964964841
CALM_C17,Canada,56.6333,-76.1,7,1990,1997,134.0,17.492855684535893,107.0,157.0,11.231038771371935,6.6116779802320735,0.13054369913832756
CALM_C18,Canada,81.4007,-76.7094,20,1999,2018,59.1,4.204008112566661,50.0,67.0,4.107891218007215,0.9400447917659641,0.07113380901128022
CALM_C19,Canada,80.0167,-85.75,3,1997,2000,51.333333333333336,2.0816659994661335,49.0,53.0,1.6035674514746676,1.2018504251546636,0.04055193505453507
CALM_C20,Canada,64.2,-95.5,6,1997,2004,170.66666666666666,26.333755270881266,120.0,193.0,23.17500983993502,10.75071057083102,0.15429934729031994
CALM_C21,Canada,52.8,-118.1167,12,1990,2002,250.16666666666666,102.40191167723148,84.0,362.0,68.18374083365795,29.56088563619094,0.40933475687101195
CALM_C22,Canada,63.9405,-138.5916,6,2009,2014,38.5,9.22496612459905,26.0,52.0,4.994282445242151,3.7660766499546097,0.23960950972984543
CALM_C23,Canada,60.4494,-133.5202,6,2009,2014,54.833333333333336,6.369196704975179,46.0,65.0,4.990467102863244,2.6002136664341866,0.11615556300866588
CALM_C24,Canada,62.3377,-140.8383,5,2010,2014,47.6,5.5497747702046425,42.0,54.0,3.8643671323172466,2.481934729198171,0.11659190693707232
CALM_C25,Canada,65.8781,-89.3672,3,2014,2017,48.333333333333336,4.72581562625261,43.0,52.0,5.345224838248488,2.7284509239574843,0.09777549571557123
CALM_C26,Canada,73.0054,-80.6873,8,2011,2018,51.375,8.749489781042746,40.0,65.0,6.900799355584109,3.093411778048863,0.17030637043392205
CALM_C27,Canada,66.8793,-64.6973,9,2009,2017,29.444444444444443,4.156654637779975,25.0,36.0,4.299593926931695,1.3855515459266583,0.14116940279252746
CALM_C28,Canada,72.8107,-79.3293,9,2009,2018,47.55555555555556,5.294126724756198,35.0,53.0,4.724092578606382,1.764708908252066,0.11132509467945274
CALM_C3A,Canada,69.7197,-134.4619,21,1991,2024,61.476190476190474,3.3558761541369133,55.0,70.0,3.224193242183689,0.7323122142490333,0.05458822559014344
CALM_C3B,Canada,69.7197,-134.4619,14,1998,2013,46.785714285714285,4.209486930705477,40.0,52.0,4.330382657085117,1.1250327049144653,0.089973766457827
CALM_C4A,Canada,69.3692,-134.9486,14,1992,2011,122.42857142857143,16.96926763169359,101.0,171.0,14.458863439020618,4.535227541590734,0.13860545323437004
CALM_C4B,Canada,69.3692,-134.9486,16,1998,2013,95.5625,8.189169677079601,80.0,110.0,5.641355773037528,2.0472924192699002,0.08569438511005469
CALM_C5A,Canada,69.2189,-134.2911,31,1991,2024,76.41935483870968,6.761529380982714,64.0,91.0,6.8728543163179685,1.2144065266343127,0.0884792785185581
CALM_C5B,Canada,69.2189,-134.2911,14,1998,2013,56.142857142857146,4.7855092624608835,49.0,64.0,4.954940738961579,1.2789811486687057,0.08523807846622439
CALM_C6,Canada,68.9667,-133.55,11,1990,2000,83.18181818181819,5.2691210238175765,75.0,91.0,5.441609239104836,1.5886997646342,0.06334462433004737
CALM_C7A,Canada,68.6847,-134.1458,30,1992,2024,136.56666666666666,9.672867610801461,115.0,157.0,8.004824203734515,1.766015928732354,0.07082890610789452
CALM_C7B,Canada,68.6847,-134.1458,8,2000,2008,110.5,6.546536707079773,101.0,121.0,7.06929982388638,2.314550249431379,0.05924467608216989
CALM_C8A,Canada,67.795,-134.1261,22,1992,2022,109.54545454545455,4.3504490488232275,102.0,119.0,4.265818453343842,0.927518853677696,0.03971364276934067
CALM_C8B,Canada,67.795,-134.1261,15,1998,2015,78.73333333333333,4.0964560757992245,71.0,85.0,4.150290161531886,1.0577004106693724,0.05202950138610361
CALM_C9A,Canada,65.6736,-128.8292,14,1992,2005,56.57142857142857,4.718446382416173,48.0,62.0,2.876009139663621,1.2610578400617325,0.08340688049725559
CALM_CH1,Alps,46.4288,9.8218,32,1990,2021,405.59375,131.01904795646837,327.0,841.0,96.98400560079678,23.16111431865606,0.3230302438251782
CALM_CH10,Alps,45.9823,7.676,15,2006,2022,368.93333333333334,81.04449101456265,273.0,533.0,65.81017431773199,20.92559760008385,0.21967245486419223
CALM_CH11,Alps,46.4988,9.9252,25,1997,2022,484.64,63.56747071681658,317.0,517.0,50.841246345746214,12.713494143363317,0.1311643090063069
CALM_CH12,Alps,46.1747,7.8498,20,2002,2022,378.85,32.290254355080414,317.0,475.0,32.25085446130812,7.220320374871843,0.08523229340129447
CALM_CH2,Alps,46.5583,7.8344,24,1999,2022,721.5,273.84571981477,441.0,1304.0,152.0497884964595,55.898523482612944,0.3795505472138184
CALM_CH3,Alps,46.1061,7.2843,22,1999,2023,538.5,95.41575690978232,370.0,667.0,19.62587056392534,20.342707724778375,0.1771880351156589
CALM_CH4,Alps,45.9868,7.8242,21,2001,2023,392.95238095238096,72.52067028818487,288.0,528.0,47.09869657299373,15.82530766878772,0.18455332962334978
CALM_CH5,Alps,46.0968,7.2731,15,2009,2023,414.0,33.770232031014686,383.0,490.0,18.757298945644077,8.719436416912009,0.08157060877056688
CALM_CH6,Alps,46.109,7.5484,9,2007,2015,713.7777777777778,51.02640928425638,645.0,787.0,22.32729129357124,17.00880309475213,0.07148780877308646
CALM_CH7,Alps,46.0837,7.3025,18,2003,2021,334.72222222222223,158.18745601921177,138.0,589.0,38.7777403978311,37.28514094994446,0.4725932296009646
CALM_CH8,Alps,46.7489,9.9436,19,2003,2022,292.7368421052632,5.0754540602914275,281.0,300.0,4.315748252971361,1.1643890179680803,0.017337940874781934
CALM_CH9,Alps,46.4966,9.9314,22,1997,2018,244.86363636363637,68.26718897764205,170.0,398.0,35.15255532220099,14.554613593617118,0.2787967621140013
CALM_CN1,Tibet,50.9333,121.3333,4,1991,1994,104.25,7.499999999999998,96.0,112.0,1.7748239349304484,3.749999999999999,0.07194244604316545
CALM_CN2,Tibet,34.3333,97.8667,12,1998,2009,157.16666666666666,21.93309385519075,135.0,196.0,9.396931999452256,6.331538820727854,0.1395530892164841
CALM_CN3,Tibet,34.7333,92.8833,6,1998,2008,268.6666666666667,7.659416862050701,260.0,279.0,3.4221094858775114,3.1269438398822853,0.0285089957644567
CALM_CN4,Tibet,35.4333,93.6,4,2006,2009,316.25,18.5,292.0,337.0,18.00416618452518,9.25,0.05849802371541502
CALM_CN5,Tibet,34.4667,92.7333,8,2000,2009,102.875,13.82996229723195,87.0,122.0,9.400905941467833,4.889630061963497,0.1344346274336034
CALM_CN7,Tibet,35.6167,94.0667,6,2003,2008,138.0,2.280350850198275,136.0,142.0,2.40831891575849,0.9309493362512625,0.016524281523175907
CALM_G1,Greenland,74.473,-20.5528,29,1996,2024,75.17241379310344,9.892525914321237,50.0,89.0,6.851620237015914,1.8369959450851312,0.13159782179601645
CALM_G2,Greenland,74.466,-20.5643,29,1996,2024,66.34482758620689,8.710731731068314,44.0,78.0,7.254860779236813,1.6175422745703072,0.13129481299427295
CALM_G3,Greenland,69.25,-53.5,4,1997,2000,67.5,7.416198487095665,57.0,74.0,7.07813534767487,3.7080992435478324,0.10986960721623207
CALM_IT1,Svalbard,78.92,11.86,6,2014,2019,157.83333333333334,5.6361925682739615,150.0,163.0,2.9696881349811157,2.3009659807229745,0.035709773399835026
CALM_K0,Mongolia_CAsia,43.1,76.9,22,1990,2011,510.72727272727275,53.85888246871839,470.0,688.0,43.950896577821545,11.48275232444339,0.1054552700526704
CALM_K1,Mongolia_CAsia,43.1,76.9,19,1990,2011,483.8421052631579,24.927145305859142,420.0,520.0,25.276918634362882,5.718679333641803,0.051519173372274955
CALM_K2,Mongolia_CAsia,43.0833,76.9167,14,1998,2011,434.14285714285717,56.29572622507672,300.0,485.0,50.496168207726456,15.045665705275843,0.1296709718906012
CALM_M1,Mongolia_CAsia,47.6889,108.2625,13,1996,2009,358.46153846153845,13.902130439944477,340.0,380.0,11.079345317170448,3.855757241492966,0.03878276732173352
CALM_M10,Mongolia_CAsia,48.6694,89.1114,2,2002,2003,107.0,2.8284271247461903,105.0,109.0,,2.0,0.026433898362113926
CALM_M10A,Mongolia_CAsia,48.7525,89.1356,3,2003,2005,280.0,5.0,275.0,285.0,1.4851986287389555e-12,2.886751345948129,0.017857142857142856
CALM_M10B,Mongolia_CAsia,48.7783,89.1406,1,2005,2005,550.0,,550.0,550.0,,,
CALM_M11,Mongolia_CAsia,50.4386,100.1503,8,2002,2009,476.875,5.938674695827102,470.0,485.0,6.2559495491815404,2.0996385743401507,0.012453315220607292
CALM_M11A,Mongolia_CAsia,50.4386,100.1522,7,2002,2009,457.85714285714283,23.603873774083297,435.0,490.0,25.77487657186901,8.921425711997712,0.051552922439495504
CALM_M11B,Mongolia_CAsia,50.4333,100.1606,9,2001,2009,390.55555555555554,14.169607537888183,370.0,410.0,5.005790298038513,4.723202512629395,0.036280645189471876
CALM_M12,Mongolia_CAsia,51.02,100.7583,7,2003,2009,137.71428571428572,4.151878519188058,133.0,145.0,4.1507314329611145,1.5692625765032449,0.030148495471282576
CALM_M12A,Mongolia_CAsia,50.9703,100.7272,5,2003,2009,186.2,3.6331804249169872,182.0,192.0,3.7867694201667588,1.6248076809271907,0.019512247180005302
CALM_M12B,Mongolia_CAsia,50.9744,100.7286,6,2004,2009,255.83333333333334,26.347042844817835,220.0,295.0,22.656860623955613,10.756135200175036,0.10298518375824561
CALM_M12C,Mongolia_CAsia,50.2544,100.8447,6,2003,2009,385.0,32.710854467592256,355.0,425.0,16.13943513446504,13.354150416006755,0.08496325835738248
CALM_M12D,Mongolia_CAsia,51.2858,100.8272,7,2003,2009,475.0,6.164414002968976,470.0,488.0,6.35553751801189,2.3299294900428698,0.012977713690461003
CALM_M12E,Mongolia_CAsia,51.2097,100.7703,5,2005,2009,372.8,10.568822072492283,355.0,381.0,12.066482503198715,4.726520919238591,0.028349844615054406
CALM_M12F,Mongolia_CAsia,50.0444,100.7328,3,2002,2009,221.66666666666666,10.40832999733066,210.0,230.0,0.5661385170720918,6.0092521257733145,0.046954872168409
CALM_M12G,Mongolia_CAsia,50.0442,100.7544,4,2003,2009,112.25,27.47574688096152,82.0,137.0,11.26467297096865,13.73787344048076,0.24477280072126076
CALM_M12H,Mongolia_CAsia,51.0311,100.7225,4,2003,2009,137.75,7.365459931328117,130.0,145.0,8.008278848821394,3.6827299656640586,0.05346976356681029
CALM_M13,Mongolia_CAsia,51.3556,99.3592,3,2005,2008,147.0,2.6457513110645907,145.0,150.0,3.474396144861578,1.5275252316519468,0.01799830823853463
CALM_M13A,Mongolia_CAsia,51.1872,99.4975,4,2004,2007,154.0,5.887840577551898,148.0,160.0,3.4641016151377544,2.943920288775949,0.03823273102306427
CALM_M13B,Mongolia_CAsia,51.1147,99.6369,3,2005,2008,338.3333333333333,7.637626158259735,330.0,345.0,6.681531047810367,4.409585518440986,0.02257426450717163
CALM_M13C,Mongolia_CAsia,51.3586,99.4797,2,2005,2006,177.5,3.5355339059327378,175.0,180.0,,2.5,0.019918500878494297
CALM_M14,Mongolia_CAsia,47.9803,100.4253,7,2003,2009,414.2857142857143,30.445110640376427,368.0,440.0,32.306125027395716,11.507170198897493,0.07348819809746034
CALM_M14A,Mongolia_CAsia,47.9794,100.4256,7,2003,2009,269.57142857142856,34.32131088627561,235.0,325.0,22.545192708994815,12.972236182117014,0.12731805840165836
CALM_M15,Mongolia_CAsia,48.2753,106.1947,3,2007,2009,225.0,8.660254037844387,220.0,235.0,6.123724356957945,5.000000000000001,0.03849001794597506
CALM_M16,Mongolia_CAsia,49.3472,99.2422,1,2009,2009,115.0,,115.0,115.0,,,
CALM_M16A,Mongolia_CAsia,49.2969,98.19,1,2009,2009,275.0,,275.0,275.0,,,
CALM_M1A,Mongolia_CAsia,47.6944,108.2944,11,1996,2007,569.5454545454545,179.00355506881064,390.0,820.0,79.8734779470121,53.97160257299685,0.31429195622616396
CALM_M2A,Mongolia_CAsia,47.7544,107.25,14,1996,2009,340.0,4.803844614152601,335.0,350.0,4.991751437880544,1.2838814775327352,0.014128954747507649
CALM_M2B,Mongolia_CAsia,47.7764,107.3,9,1998,2008,135.0,3.5355339059327364,130.0,140.0,3.779644730092272,1.1785113019775788,0.026189140043946197
CALM_M2C,Mongolia_CAsia,47.7728,107.2917,10,2000,2009,378.5,42.29854213405784,330.0,435.0,13.704124572661152,13.375973484822202,0.11175308357743155
CALM_M2D,Mongolia_CAsia,47.7764,107.3383,6,2003,2009,125.83333333333333,7.359800721939873,115.0,135.0,5.590169943749373,3.004626062886658,0.05848848255846257
CALM_M2E,Mongolia_CAsia,47.7708,107.2875,8,1999,2009,443.75,48.088460154178364,370.0,520.0,20.572409769296037,17.001838135919304,0.10836836091082448
CALM_M2F,Mongolia_CAsia,47.7528,107.3367,5,2004,2008,549.0,36.12478373637688,510.0,590.0,21.737065119281926,16.155494421403507,0.06580106327208902
CALM_M3,Mongolia_CAsia,47.9236,106.5472,12,1997,2008,702.5,76.29190353802,600.0,800.0,29.344231393647377,22.023575522332404,0.10860057443134519
CALM_M4A,Mongolia_CAsia,49.7883,100.0342,12,1996,2009,401.6666666666667,30.100840620497728,340.0,440.0,24.692840655002765,8.689364217539193,0.07493985216721426
CALM_M4B,Mongolia_CAsia,49.7042,100.1675,7,2000,2006,343.14285714285717,9.063269671749651,325.0,352.0,6.7633465934294605,3.4255939452233686,0.026412526104182994
CALM_M4C,Mongolia_CAsia,49.7847,100.0317,4,2006,2009,1187.5,170.1714821388511,950.0,1350.0,125.99603168354153,85.08574106942555,0.1433023007485062
CALM_M4D,Mongolia_CAsia,49.7828,100.0467,2,2007,2008,405.0,7.0710678118654755,400.0,410.0,,5.0,0.017459426695964137
CALM_M5,Mongolia_CAsia,50.6264,100.1658,4,1999,2002,356.25,54.98105734402228,300.0,430.0,51.41740950300783,27.49052867201114,0.15433279254462395
CALM_M5A,Mongolia_CAsia,50.6592,100.1633,4,1999,2008,380.0,46.9041575982343,310.0,410.0,20.82482819587661,23.45207879911715,0.12343199367956395
CALM_M5B,Mongolia_CAsia,50.6564,100.1625,6,1999,2008,297.5,20.676073128135332,270.0,325.0,18.612116781524428,8.440971508067067,0.0694994054727238
CALM_M5C,Mongolia_CAsia,50.6767,100.1664,3,2006,2008,390.0,122.88205727444507,250.0,480.0,171.46428199481952,70.94598884597588,0.31508219813960275
CALM_M5D,Mongolia_CAsia,50.6767,100.1664,2,2006,2008,245.0,84.8528137423857,185.0,305.0,,60.0,0.3463380152750437
CALM_M6A,Mongolia_CAsia,48.0819,99.3733,11,1999,2009,218.36363636363637,12.101840581272974,205.0,235.0,7.945775829668966,3.648842225525359,0.05542058550957648
CALM_M7A,Mongolia_CAsia,48.0411,100.3917,9,1999,2009,154.44444444444446,19.288021613887146,136.0,180.0,8.744177571356849,6.429340537962382,0.12488647088128367
CALM_M7B,Mongolia_CAsia,48.6361,100.3756,8,2002,2009,279.375,10.500850305706543,260.0,290.0,10.940404943029318,3.7126112296949634,0.037586936217294115
CALM_M8,Mongolia_CAsia,49.4903,98.6564,8,2002,2009,281.25,5.175491695067655,275.0,290.0,5.446347254141847,1.829812636778499,0.018401748249129442
CALM_M9,Mongolia_CAsia,47.0389,107.6861,4,2001,2004,299.0,4.898979485566358,295.0,305.0,5.966573556070508,2.449489742783179,0.016384546774469426
CALM_N1,Svalbard,78.1793,16.467,27,1998,2024,178.4814814814815,14.887708844677013,152.0,218.0,10.07174305371264,2.8651409030303485,0.08341318506044393
CALM_N2,Scandinavia,61.6776,8.3693,25,1999,2024,228.48,15.108275877809483,198.0,246.0,12.82197079640005,3.0216551755618966,0.06612515702822779
CALM_N3,Svalbard,78.201,15.8364,24,2000,2023,99.95833333333333,7.1046779853391255,74.0,110.0,6.373214183207161,1.4502363209054703,0.07107639501798209
CALM_N5,Scandinavia,62.2958,9.352,17,2002,2024,558.5882352941177,77.10225258020142,486.0,712.0,43.71056548123978,18.70004302124837,0.13803057012041114
CALM_P1,Svalbard,77.5667,14.5,15,1990,2009,154.73333333333332,25.451541257474993,131.0,197.0,16.75058599128936,6.571559695034108,0.16448647947528003
CALM_P2A,Svalbard,78.6833,11.8333,7,1999,2005,117.57142857142857,7.067699834626604,106.0,128.0,7.254555219210377,2.6713394433820463,0.06011409336863454
CALM_P2B,Svalbard,78.6833,11.8333,7,1999,2005,146.71428571428572,21.453160495323193,108.0,168.0,15.106999323870902,8.108532500997203,0.14622407348321553
CALM_P2C,Svalbard,78.6833,11.8333,7,1999,2005,205.71428571428572,20.467163015541793,170.0,230.0,22.246508554313465,7.735860483163199,0.0994931535477726
CALM_R1,Russia_W,65.3149,72.8642,28,1997,2024,149.78571428571428,29.53636445801726,101.0,199.0,17.411826384207036,5.581848213491481,0.19719079752610474
CALM_R10,Russia_E,64.0833,177.0667,3,1992,1994,55.333333333333336,4.041451884327381,51.0,59.0,5.307227776030034,2.3333333333333335,0.07303828706615748
CALM_R11,Russia_E,64.5667,177.2,28,1996,2024,56.142857142857146,6.144641060030585,45.0,67.0,5.703241822471499,1.1612280100426597,0.10944653287586283
CALM_R12A,Russia_E,70.9167,156.6333,2,1996,2023,31.0,8.48528137423857,25.0,37.0,,5.999999999999999,0.2737187540076958
CALM_R12B,Russia_E,70.9167,156.6333,1,1996,1996,27.0,,27.0,27.0,,,
CALM_R13A,Russia_E,70.0833,159.5833,24,1997,2023,43.291666666666664,5.614261085506435,33.0,55.0,5.680527449474587,1.146006245187897,0.12968456790390226
CALM_R13B,Russia_E,70.0833,159.9167,22,2000,2023,40.09090909090909,7.615204658532954,25.0,56.0,7.802464206822404,1.6235670883938074,0.18994841551896255
CALM_R14,Russia_E,69.4833,156.9833,19,1996,2021,44.8421052631579,3.65548534389282,38.0,49.0,2.8095071582483047,0.8386258528222541,0.08151903935911219
CALM_R15A,Russia_E,69.3833,158.4667,21,1996,2023,35.04761904761905,7.851599776327053,25.0,60.0,7.941090243275327,1.713359538167479,0.2240266240528099
CALM_R15B,Russia_E,69.3833,158.4667,18,1999,2023,42.166666666666664,5.565122481607581,32.0,54.0,5.73115893052548,1.3117119482928095,0.1319791892871363
CALM_R16,Russia_E,69.0833,158.9,21,1996,2023,51.666666666666664,10.716031603785673,30.0,75.0,10.78374665202869,2.3384298082803276,0.20740706329907754
CALM_R17,Russia_E,68.8167,161.0,26,1996,2023,55.19230769230769,7.467364894093392,43.0,73.0,5.796810412715902,1.4644707426961512,0.13529720365604753
CALM_R18,Russia_E,68.9255,161.5046,27,1996,2022,78.18518518518519,9.207175450271366,45.0,90.0,8.465384999085572,1.771921741563429,0.1177611260811591
CALM_R18A,Russia_E,68.7417,161.5042,20,2003,2022,101.6,10.530157193808448,72.0,119.0,10.36002293375696,2.3546147299114115,0.10364327946661858
CALM_R19,Russia_E,68.8,160.95,25,1996,2023,88.4,13.671747023210546,56.0,112.0,10.00966614343364,2.734349404642109,0.15465777175577541
CALM_R1b,Russia_W,65.2338,72.5184,12,2013,2024,118.33333333333333,24.21244358263792,95.0,160.0,9.919371925375751,6.9895304100873155,0.20461219928989793
CALM_R2,Russia_W,67.5833,64.1833,29,1996,2024,82.89655172413794,9.488131035239334,63.0,94.0,5.2303201488720825,1.7619017012569496,0.1144574875299254
CALM_R20,Russia_E,68.5167,161.4333,26,1996,2023,55.84615384615385,5.4235951743640145,46.0,65.0,3.982961119998276,1.0636545241503759,0.09711671799825371
CALM_R21,Russia_E,68.8333,161.0333,26,1996,2023,97.5,11.247221879201994,70.0,117.0,10.509701834393697,2.2057616859907188,0.11535612183796917
CALM_R22,Russia_E,69.3167,154.9833,21,1998,2023,52.76190476190476,3.8846462117516154,45.0,58.0,3.221248956272945,0.8476993006416776,0.07362596610720572
CALM_R23,Russia_W,67.3333,63.7333,24,1998,2022,138.125,25.353693667958826,76.0,178.0,11.764453041765334,5.1753010484443305,0.1835561532521906
CALM_R24,Russia_W,68.3,54.5,23,1999,2022,110.73913043478261,10.08697355866082,88.0,128.0,10.105029016653884,2.103279381193367,0.09108770783242985
CALM_R24A,Russia_W,68.2333,53.85,15,2010,2024,91.26666666666667,22.889382025817326,58.0,139.0,15.651574836795042,5.910013026064659,0.250796735125829
CALM_R25,Russia_E,69.85,159.5,21,1999,2023,45.80952380952381,9.667569744351718,23.0,65.0,9.698777651422128,2.109636673321744,0.21103842477275062
CALM_R26,Russia_E,68.4167,161.2167,1,1996,1996,45.0,,45.0,45.0,,,
CALM_R27,Russia_W,65.6,-171.05,25,2000,2024,67.48,6.056126374727222,59.0,78.0,5.403055620058403,1.2112252749454444,0.0897469824351989
CALM_R28,Russia_E,71.8617,141.0102,1,2001,2001,38.0,,38.0,38.0,,,
CALM_R29A,Russia_C,71.7855,129.4192,13,2001,2014,33.53846153846154,5.695252183696297,25.0,44.0,5.851502402086781,1.5795787519242503,0.1698125651102107
CALM_R29B,Russia_W,71.7855,71.4192,20,2004,2023,31.8,5.207282350102038,24.0,44.0,5.341972952092283,1.1643837312863017,0.16375101729880623
CALM_R29C,Russia_C,71.7855,129.4192,9,2015,2023,34.77777777777778,4.176654695380555,29.0,42.0,3.941335685288276,1.3922182317935183,0.12009550242308305
CALM_R3,Russia_W,69.7167,66.85,29,1995,2023,111.86206896551724,13.037649157977155,85.0,137.0,12.272438017867112,2.4210306694243235,0.11655111762679948
CALM_R30A,Russia_E,55.7507,160.2896,10,2003,2012,73.8,3.765338999051449,67.0,80.0,3.794533548209161,1.1907047399661164,0.051020853645683595
CALM_R30B,Russia_E,55.7652,160.3206,9,2004,2012,56.111111111111114,3.9510898637098975,49.0,63.0,3.0908210241252685,1.3170299545699657,0.07041546291760213
CALM_R30C,Russia_E,55.8909,160.5375,17,2006,2023,48.76470588235294,2.411675034200966,44.0,53.0,2.115019484119561,0.5849171118044509,0.04945533845767964
CALM_R31,Russia_E,70.55,147.4333,16,2004,2021,46.125,4.031128874149274,39.0,52.0,4.172601920207562,1.0077822185373184,0.08739574794903575
CALM_R31A,Russia_E,70.5667,147.4167,5,2014,2018,41.2,3.9623225512317903,37.0,47.0,3.7947331922019507,1.7720045146669352,0.09617287745708228
CALM_R32,Russia_W,69.4333,88.4667,19,2005,2023,98.21052631578948,10.554509027837979,81.0,122.0,7.877047950655465,2.421370434264919,0.10746820553532775
CALM_R35,Russia_E,68.7333,158.9,17,2007,2023,40.705882352941174,5.382433300589439,32.0,52.0,5.557483325663936,1.3054318247748324,0.13222740767344
CALM_R36,Russia_E,69.1667,154.4333,19,2005,2023,40.578947368421055,4.140796883500732,31.0,46.0,3.5828827086037722,0.9499639558372555,0.1020429841589026
CALM_R37A,Russia_E,69.9833,153.5833,1,2005,2005,51.0,,51.0,51.0,,,
CALM_R37B,Russia_E,69.9833,153.5833,1,2005,2005,54.0,,54.0,54.0,,,
CALM_R38A,Russia_E,68.7,161.55,15,2003,2017,134.66666666666666,10.314114231525283,115.0,151.0,10.689477383854028,2.663092843305222,0.07658995716479171
CALM_R38B,Russia_E,68.7167,161.5333,11,2003,2016,152.63636363636363,7.01815826656434,139.0,167.0,6.946930913710449,2.116054335411361,0.04597959555223809
CALM_R38C,Russia_E,68.74,161.3928,20,2003,2022,73.2,8.599877600108169,51.0,84.0,6.333676286717624,1.9229910912019617,0.11748466666814437
CALM_R4,Russia_W,70.1167,75.5833,3,1992,1995,89.0,6.244997998398398,82.0,94.0,4.008918628686122,3.6055512754639896,0.07016851683593706
CALM_R40,Russia_W,67.4814,86.4347,16,2008,2024,84.3125,16.168771340663668,62.0,108.0,4.924807048635363,4.042192835165917,0.1917719358418226
CALM_R41,Russia_W,65.5397,-171.6302,15,2010,2024,55.266666666666666,5.548058433447902,47.0,66.0,4.11417855731434,1.4325025277686223,0.10038706453765806
CALM_R42,Russia_C,62.0133,129.6568,17,2008,2024,202.94117647058823,3.13190413796652,197.0,208.0,1.9138299553615512,0.7595983276555875,0.015432571114617636
CALM_R43,Russia_C,62.3162,129.4995,17,2008,2024,124.05882352941177,3.716022541564,119.0,133.0,3.8266138890942685,0.9012678497673273,0.029953714180458984
CALM_R44,Russia_W,67.7724,34.182,6,2011,2016,161.66666666666666,2.065591117977289,160.0,165.0,2.102153091248995,0.8432740427115678,0.012776852276148179
CALM_R45,Russia_E,64.6333,176.9667,15,2010,2024,46.06666666666667,2.987274597992211,40.0,50.0,3.093654145294198,0.771310984571486,0.06484677130229112
CALM_R46,Russia_C,56.7604,118.189,6,2013,2022,53.0,8.48528137423857,41.0,61.0,8.191630102630262,3.4641016151377544,0.16009964857053904
CALM_R47,Russia_C,56.9063,118.2807,5,2013,2018,50.0,5.70087712549569,42.0,55.0,6.5295986794541125,2.5495097567963922,0.11401754250991379
CALM_R5,Russia_W,70.2833,68.9,29,1993,2022,93.82758620689656,7.928560333724982,76.0,114.0,6.417631893203547,1.4722966924282197,0.08450137805146067
CALM_R50a,Russia_W,66.3132,76.9035,17,2008,2024,92.76470588235294,22.06107831613379,65.0,125.0,12.288199078844205,5.350597418379001,0.2378175848917403
CALM_R50b,Russia_W,67.4779,76.6953,16,2008,2024,95.3125,14.902880034856794,65.0,125.0,6.286123230460969,3.7257200087141986,0.15635808561161227
CALM_R51,Russia_C,72.3698,126.4806,22,2002,2024,51.72727272727273,5.556478999731653,42.0,63.0,4.92341723329193,1.1846453031576942,0.10741875043417959
CALM_R52,Russia_W,67.0656,62.9251,13,2012,2024,57.15384615384615,5.669305569558379,48.0,68.0,3.266011813639531,1.5723824559474087,0.09919377174193664
CALM_R53,Russia_W,66.7235,66.0805,7,2016,2023,107.57142857142857,16.52127056107916,90.0,134.0,16.517557632559484,6.244453321061144,0.15358418848280758
CALM_R54a,Russia_W,70.8893,78.4171,7,2016,2022,100.71428571428571,7.364651739090942,90.0,113.0,7.436877224826421,2.7835767134619966,0.07312420166473275
CALM_R54b,Russia_W,70.8906,78.4308,7,2016,2022,65.14285714285714,4.810702354423641,60.0,73.0,4.930951806120815,1.81827458019398,0.07384850105474887
CALM_R54c,Russia_W,70.8699,78.5478,6,2017,2022,70.33333333333333,4.082482904638631,66.0,77.0,3.7308239866078092,1.6666666666666672,0.058044780634672485
CALM_R55,Russia_W,73.3269,70.0853,15,2009,2023,55.733333333333334,6.250333324444918,41.0,68.0,6.266523944287008,1.6138291249213605,0.11214712902712173
CALM_R55a,Russia_W,73.3286,70.0883,15,2009,2023,111.8,13.006591735402038,90.0,131.0,9.423827061418065,3.3582875454754078,0.11633802983364971
CALM_R56,Russia_W,66.7092,66.5678,9,2013,2021,84.11111111111111,15.711814379985245,64.0,111.0,12.36395811694067,5.237271459995082,0.18679832155860926
CALM_R57,Russia_W,66.6967,66.3589,9,2013,2021,48.55555555555556,6.424778422465461,37.0,57.0,5.90184259632068,2.141592807488487,0.13231809108052436
CALM_R58,Russia_W,68.2253,69.1444,5,2017,2021,92.6,9.316651759081692,82.0,102.0,3.346640106136918,4.166533331199931,0.10061179005487789
CALM_R59,Russia_W,66.5439,66.7313,3,2021,2023,65.33333333333333,6.506407098647713,59.0,72.0,0.408248290463863,3.7564758898615493,0.09958786375481195
CALM_R5a,Russia_W,70.2755,68.8916,16,2007,2022,72.0,8.733078876700167,47.0,87.0,8.522042600458734,2.183269719175042,0.12129276217639122
CALM_R5b,Russia_W,70.2955,68.8835,16,2007,2022,75.9375,7.028216938408581,65.0,91.0,6.499329312521778,1.7570542346021452,0.09255265104077143
CALM_R5c,Russia_W,70.3014,68.8413,16,2007,2022,118.5,13.918812209859476,82.0,144.0,12.383711177228218,3.479703052464869,0.11745833088489009
CALM_R5d,Russia_W,70.2742,68.8908,9,2014,2022,46.666666666666664,5.522680508593631,39.0,54.0,5.480484858633815,1.8408935028645435,0.1183431537555778
CALM_R6,Russia_C,72.3833,99.5,2,1994,1995,46.0,5.656854249492381,42.0,50.0,,4.0,0.12297509238026914
CALM_R60,Russia_W,66.5699,66.8809,3,2021,2023,79.66666666666667,5.507570547286104,74.0,85.0,6.531972647421808,3.1797973380564866,0.06913268469396783
CALM_R61,Russia_W,66.05,76.6449,4,2020,2023,163.25,22.881943390659224,132.0,186.0,27.646880475019003,11.440971695329612,0.14016504374063843
CALM_R7,Russia_C,74.5333,98.6,3,1994,1996,37.333333333333336,4.163331998932266,34.0,42.0,5.715476066494083,2.4037008503093267,0.1115178213999714
CALM_R8,Russia_C,71.5833,128.7833,4,1997,2000,42.25,3.3040379335998358,40.0,47.0,1.7748239349295774,1.6520189667999179,0.07820208126863516
CALM_R9,Russia_E,64.7833,176.9667,31,1994,2024,50.83870967741935,5.983849230462213,38.0,60.0,5.091984802852475,1.0747310483198504,0.11770261811188364
CALM_S1,Svalbard,78.05,13.6167,18,1990,2011,95.27777777777777,8.736707924583326,74.0,113.0,8.92242305806121,2.0592618062397063,0.09169722603061217
CALM_S2,Scandinavia,68.3,18.8333,34,1990,2023,74.58823529411765,14.24273902636925,51.0,98.0,6.634634338354066,2.44260959157632,0.19095154846078646
CALM_U1,Alaska,71.3167,-156.6,32,1993,2024,36.625,4.681811063969761,29.0,47.0,4.336408131607416,0.8276350878918056,0.12783101881146106
CALM_U10,Alaska,69.1288,-148.5928,28,1995,2024,47.57142857142857,5.231164245660745,36.0,57.0,4.497440642912577,0.9885971186679375,0.1099644135724481
CALM_U11A,Alaska,68.6114,-149.3101,33,1992,2024,52.78787878787879,5.967398803905138,39.0,64.0,5.930325914601614,1.0387907959366414,0.1130448682714521
CALM_U11B,Alaska,68.611,-149.3145,30,1995,2024,53.2,5.979274549469279,39.0,64.0,5.652952467814394,1.0916611827536211,0.11239237874942254
CALM_U11C,Alaska,68.611,-149.3093,30,1995,2024,44.9,5.628437646881024,30.0,55.0,5.441899468348667,1.0276074209026778,0.12535495872786245
CALM_U12A,Alaska,68.6215,-149.6063,30,1995,2024,49.3,5.324957503472972,37.0,61.0,5.134963794437997,0.9721997808028469,0.10801130838687571
CALM_U12B,Alaska,68.624,-149.6182,30,1995,2024,45.43333333333333,5.170762188420136,33.0,53.0,5.1778727306828545,0.9440476966974956,0.11380987942230675
CALM_U13,Alaska,68.6167,-149.6,29,1990,2018,40.41379310344828,5.240755407513243,28.0,51.0,4.870179281344711,0.9731838477013849,0.1296773948958055
CALM_U14,Alaska,68.4774,-149.5024,25,1996,2024,53.04,5.208006656421758,39.0,60.0,5.242909762867264,1.0416013312843515,0.09819017074701655
CALM_U15,Alaska,68.0691,-149.5804,27,1996,2024,37.81481481481482,4.7639433975601255,24.0,46.0,3.6795932914327953,0.9168213343284929,0.12598087339287306
CALM_U16,Alaska,66.45,-150.6167,26,1996,2024,41.23076923076923,3.6255503560998004,33.0,46.0,3.040136342543833,0.7110289235871597,0.08793312430839068
CALM_U17,Alaska,65.1667,-147.9,35,1990,2024,48.94285714285714,6.641858603906416,36.0,61.0,4.261767264363622,1.1226790116793424,0.13570639295780768
CALM_U18,Alaska,64.7,-148.1333,34,1990,2024,115.67647058823529,82.55199301532423,40.0,288.0,39.97642854371899,14.157550002822376,0.7136455028021927
CALM_U19,Alaska,64.9,-147.8167,35,1990,2024,93.48571428571428,43.21721567954648,53.0,189.0,24.059720423284585,7.305042741817733,0.46228684253793606
CALM_U2,Alaska,71.3167,-156.5833,34,1991,2024,35.470588235294116,4.94965743606594,23.0,43.0,4.132364019679076,0.8488592472254065,0.13954258111628687
CALM_U20,Alaska,70.8645,-153.9067,19,1998,2016,39.26315789473684,4.712184033181763,29.0,46.0,3.660671522531358,1.0810491581055375,0.12001541103277948
CALM_U21,Alaska,69.9896,-153.0938,19,1998,2016,43.1578947368421,5.842974488836401,36.0,61.0,5.381081410990077,1.3404702803433732,0.13538599425352638
CALM_U22,Alaska,70.3352,-152.052,19,1998,2016,29.94736842105263,2.65567911821955,27.0,37.0,2.6811269444892907,0.6092545738310643,0.08867821308641731
CALM_U23,Alaska,69.1704,-158.0067,6,1998,2003,35.166666666666664,5.1929439306299745,30.0,42.0,2.327884795054863,2.1200104821543806,0.14766665205582866
CALM_U24,Alaska,69.3957,-152.1428,19,1998,2016,36.10526315789474,4.0674143689969435,28.0,43.0,4.180400482491415,0.9331288524191016,0.1126543338351923
CALM_U25,Alaska,70.1959,-161.0781,19,1998,2016,52.8421052631579,8.274882730922917,41.0,64.0,6.416398946340267,1.898388294407519,0.15659638634216674
CALM_U26,Alaska,68.4833,-155.7333,20,2000,2024,51.8,4.348018302387278,41.0,57.0,4.341455971853907,0.9722464491551188,0.08393857726616366
CALM_U27,Alaska,64.8442,-163.7202,22,1999,2024,68.5909090909091,10.012654331057616,53.0,89.0,8.780293692325088,2.134705076002589,0.1459764050916286
CALM_U28,Alaska,65.454,-164.6268,22,1999,2024,61.0,6.414269805898186,47.0,75.0,6.10391265340129,1.3675269175156557,0.1051519640311178
CALM_U29,Alaska,69.8894,-142.9839,15,2001,2015,47.86666666666667,12.648357695011333,27.0,65.0,10.069283797295425,3.265791913976888,0.26424145602391363
CALM_U3,Alaska,70.45,-157.4,30,1995,2024,49.43333333333333,5.519141195895415,37.0,59.0,4.859743168126444,1.0076527103493191,0.1116481698427933
CALM_U30,Alaska,69.7516,-154.6176,18,1999,2016,119.16666666666667,2.431412080640046,110.0,120.0,2.3379358999865274,0.5730893233598232,0.02040345801935703
CALM_U31,Alaska,69.7776,-144.7933,12,2002,2016,50.166666666666664,12.619129298110241,36.0,67.0,12.766517321385262,3.642828848601321,0.25154410561017093
CALM_U32A,Alaska,69.441,-148.6703,30,1995,2024,57.8,4.318364952394478,47.0,67.0,4.394583363978033,0.7884219653220594,0.07471219640820896
CALM_U32B,Alaska,69.401,-148.8056,30,1995,2024,38.96666666666667,4.483558726120883,25.0,47.0,4.54734322654926,0.8185820840651782,0.11506138732560008
CALM_U33,Alaska,70.6285,-156.8353,11,2004,2014,41.09090909090909,2.2563042992710654,37.0,45.0,2.282785822435191,0.6803013430498077,0.054910060380490525
CALM_U34,Alaska,69.972,-144.7706,2,2004,2005,44.5,3.5355339059327378,42.0,47.0,,2.5,0.07945020013331995
CALM_U35,Alaska,69.1555,-158.0305,3,2004,2006,57.0,5.5677643628300215,52.0,63.0,1.2247448713923317,3.2145502536643185,0.09768007654087757
CALM_U36,Alaska,68.6816,-144.8421,7,2004,2010,66.42857142857143,5.191568255583367,59.0,76.0,3.1532296368734616,1.9622283598130004,0.07815264040663134
CALM_U37,Alaska,70.0366,-157.0814,13,2004,2016,48.76923076923077,6.533935084794438,34.0,55.0,6.6914292027357565,1.812187536829192,0.1339765869121888
CALM_U38,Alaska,70.5685,-152.965,13,2004,2016,31.46153846153846,4.235079389562543,24.0,38.0,4.307545130923767,1.1745996842098831,0.13461132534061873
CALM_U4,Alaska,70.3745,-148.5522,28,1996,2024,32.107142857142854,3.7351115379675366,25.0,39.0,3.2776739055090256,0.705869732039292,0.11633272865749837
CALM_U40A,Alaska,62.55,-143.3667,5,2009,2022,58.8,5.805170109479997,51.0,65.0,2.9422196819164705,2.596150997149434,0.09872738281428567
CALM_U40B,Alaska,62.5167,-143.3667,4,2009,2022,70.25,7.588368291888142,60.0,78.0,5.975312969156063,3.794184145944071,0.10801947746459989
CALM_U41,Alaska,64.88,-147.67,20,2005,2024,59.75,4.314906841709514,53.0,67.0,2.2250848312515252,0.9648425014641399,0.07221601408718853
CALM_U42,Alaska,63.0213,-163.5607,8,2009,2019,55.5,8.783100656536798,47.0,70.0,4.442369764304493,3.1052950170405933,0.1582540658835459
CALM_U43,Alaska,62.7848,-164.5262,7,2009,2016,62.857142857142854,8.355209381548965,51.0,78.0,5.830389577288063,3.1579723107789057,0.13292378561555174
CALM_U44,Alaska,61.5279,-165.6178,6,2009,2019,61.666666666666664,13.721030087667128,47.0,87.0,6.406310664222506,5.601587076693334,0.2225031906108183
CALM_U45,Alaska,61.879,-162.0576,5,2009,2013,53.2,4.43846820423443,48.0,59.0,5.043147165543888,1.9849433241279208,0.08342985346305319
CALM_U46,Alaska,62.0476,-163.2341,8,2009,2019,77.75,7.186296483088989,66.0,88.0,6.831147065508687,2.5407394874046307,0.09242825058635355
CALM_U47,Alaska,65.8282,-144.0784,8,2009,2020,75.375,10.473606283006278,56.0,89.0,11.299193936990852,3.7029790130958844,0.13895331718747964
CALM_U48,Alaska,66.6208,-145.1035,6,2009,2014,94.66666666666667,4.082482904638631,90.0,100.0,4.025513868410116,1.6666666666666672,0.04312481941519681
CALM_U49,Alaska,65.6572,-149.0844,10,2009,2021,47.2,7.0679244163725725,37.0,59.0,5.029984718531134,2.2350739485653617,0.14974416136382568
CALM_U5,Alaska,70.3667,-148.5667,31,1993,2024,50.67741935483871,4.284756677449284,44.0,58.0,4.345817131952942,0.7695650171645192,0.08454962253400879
CALM_U50,Alaska,64.7333,-156.7833,7,2009,2019,46.57142857142857,8.343802947040851,35.0,60.0,8.9757402504461,3.1536610837711323,0.17916141297326982
CALM_U51,Alaska,64.7777,-141.1095,11,2009,2020,51.0,9.919677414109795,32.0,65.0,10.45566246420874,2.9908952749059177,0.1945034787080352
CALM_U52,Alaska,66.5449,-152.6454,5,2010,2014,48.6,9.96493853468249,34.0,60.0,11.454256850621043,4.456455991031438,0.2050398875449072
CALM_U53,Alaska,64.7349,-155.4846,5,2010,2014,62.4,5.412947441089744,53.0,66.0,3.8427420765213682,2.4207436873820414,0.08674595258156642
CALM_U54,Alaska,65.3699,-147.0609,6,2010,2016,47.0,3.9496835316263006,43.0,53.0,4.286335358724679,1.6124515496597105,0.08403581982183618
CALM_U55,Alaska,68.1301,-145.5401,7,2010,2019,65.71428571428571,5.589105048046175,55.0,70.0,5.864855893665691,2.112483144077984,0.08505159855722441
CALM_U56,Alaska,69.5006,-148.5592,29,1996,2024,64.41379310344827,4.346733103142033,54.0,75.0,4.423824636172157,0.807168073553346,0.06748140256483885
CALM_U57,Alaska,64.5545,-149.0834,10,2010,2021,67.8,10.84025419956152,59.0,90.0,4.764743859658817,3.4279893685819847,0.15988575515577463
CALM_U58,Alaska,63.6748,-144.146,4,2010,2013,59.5,8.34665601703261,49.0,68.0,10.21763181955584,4.173328008516305,0.1402799330593716
CALM_U59,Alaska,67.0383,-146.4026,4,2010,2013,63.25,12.419742348374221,45.0,72.0,13.90503505928726,6.209871174187111,0.1963595628201458
CALM_U6,Alaska,70.1613,-148.4653,28,1996,2024,66.17857142857143,4.996692027424866,56.0,73.0,4.52904846808243,0.9442860344675233,0.07550317148834121
CALM_U60,Alaska,70.7233,-153.836,5,2020,2024,26.4,1.673320053068151,25.0,29.0,1.449137674618928,0.7483314773547881,0.06338333534349057
CALM_U7A,Alaska,70.2833,-148.8667,31,1993,2024,52.483870967741936,3.92318720550809,46.0,60.0,3.9588668986546036,0.7046252229528596,0.07475034011724081
CALM_U7B,Alaska,70.2835,-148.8928,29,1995,2024,38.37931034482759,3.764626647239198,32.0,44.0,3.8262104621110637,0.6990736183694238,0.09809000248871226
CALM_U7C,Alaska,70.275,-148.919,29,1995,2024,41.93103448275862,3.8259549179888115,34.0,50.0,3.873695360618418,0.7104619923460871,0.09124399064282528
CALM_U8,Alaska,69.6739,-148.7219,28,1996,2024,63.92857142857143,5.785861256216783,53.0,73.0,5.308401893036733,1.0934250003052408,0.0905050922760167
CALM_U9A,Alaska,69.1466,-148.8483,24,1996,2024,41.416666666666664,4.210924370963105,32.0,48.0,3.855942374134947,0.8595513378591527,0.10167221821238887
CALM_U9B,Alaska,69.1482,-148.8505,32,1993,2024,43.6875,3.0946102990886937,38.0,49.0,3.102932346919623,0.5470549819038363,0.07083514275453376
