block,region,n,lat,lon,E,E_med,alt_mean,sg_clay_5_15,sg_sand_5_15,sg_silt_5_15,sg_bdod_5_15,sg_cfvo_5_15,sg_phh2o_5_15,sg_soc_0_5,sg_soc_5_15,sg_soc_15_30,e5_maat,e5_tdd,e5_fdd,e5_sqrt_tdd,e5_twarm,e5_tcold,e5_stl1,e5_swe
9200014,Alps,3,46.09553333333333,7.286633333333334,10.1799041002241,10.16631854080352,414.5532407407407,19.8,40.13333333333333,40.1,1.086666666666667,17.966666666666665,5.733333333333333,110.33333333333333,67.16666666666667,57.23333333333333,2.1729557514190674,1658.3387756347656,847.7801513671875,40.72270589775151,13.338043212890623,-9.05242919921875,3.024571657180786,0.2429709285497665
9500214,Mongolia_CAsia,6,47.767266666666664,107.30069999999999,7.201589713562337,7.871384725586452,328.68055555555554,21.98333333333333,38.050000000000004,40.03333333333333,1.2633333333333332,14.366666666666667,7.25,44.06666666666667,31.150000000000002,25.45,-0.4071782529354095,2083.0096130371094,2202.196350097656,45.64000014282548,17.794097900390625,-20.155288696289062,1.594121336936951,0.0041984315030276
9700178,Mongolia_CAsia,3,48.733399999999996,89.12920000000001,9.91826489045385,8.173881085476543,312.3333333333333,23.8,37.9,38.333333333333336,1.2433333333333334,20.7,7.433333333333333,41.233333333333334,25.0,19.2,-5.728716532389323,1059.1892089843748,3126.852940877279,32.4442315718126,10.897501627604166,-23.015416463216145,-0.14993795131643609,0.018250194688638
9900200,Mongolia_CAsia,3,49.75843333333333,100.0828,8.822318291443308,9.532039917788053,383.26984126984127,25.53333333333333,39.599999999999994,34.93333333333334,1.2133333333333332,19.599999999999998,7.333333333333333,92.56666666666666,54.56666666666666,39.63333333333333,-0.5992961724599203,1874.4840494791667,2066.278345743815,43.26594684516365,16.20849609375,-19.12511698404948,1.4548746347427368,0.0050938481775422
10000200,Mongolia_CAsia,3,50.43683333333334,100.15436666666666,11.499693510011808,11.918657708510391,441.7625661375661,26.7,42.2,31.2,1.19,16.9,7.3,78.0,44.9,27.100000000000005,-2.7658207416534424,1475.7245178222656,2459.48486328125,38.4151599999566,13.93243408203125,-20.758468627929688,0.2692794799804687,0.0085059134289622
10000201,Mongolia_CAsia,3,50.11433333333333,100.77730000000001,5.841093679131403,5.339308980260735,239.63888888888889,26.933333333333334,42.96666666666667,30.166666666666668,1.1899999999999997,17.766666666666666,7.099999999999999,78.43333333333334,43.333333333333336,32.96666666666666,-2.001249074935913,1724.2974344889324,2427.682042439779,41.50959819021212,15.275004069010416,-20.90387471516927,1.4005279541015625,0.0096853214005629
10100200,Mongolia_CAsia,4,50.654675,100.1645,9.51291657532806,9.481580392397456,341.4375,26.1,47.625,26.375,1.1675,18.5,6.550000000000001,99.975,49.425,25.85,-3.843990981578827,1288.9907836914062,2665.1455307006836,35.89625902031635,12.403221130371094,-21.42473602294922,3.6837558150291443,0.033289444632828194
10200198,Mongolia_CAsia,3,51.300466666666665,99.44546666666666,4.0595210424971055,3.8933696495336436,159.5,25.3,44.833333333333336,29.866666666666664,1.2133333333333332,16.0,7.3,98.83333333333333,65.76666666666667,50.4,-3.9741334120432534,1546.6078389485676,2969.451833089193,39.32232420788961,14.729105631510416,-24.023447672526036,-0.013020833333333334,0.012604337806502934
10200201,Mongolia_CAsia,4,51.13665,100.769575,7.926249623514399,7.121944413713323,280.81607142857143,25.1,47.3,27.65,1.1775,17.85,6.625,113.9,61.5,38.55,-3.574494957923889,1262.928123474121,2540.120082855225,35.53583227525982,11.866180419921875,-21.441661834716797,1.2924467623233795,0.010779168689623425
12099765,Canada,48,60.94533229166668,-117.22979068749999,1.6591907004866722,1.5580298532022332,75.67777777791666,21.40625,38.670833333333334,39.977083333333326,1.2425,11.752083333333331,7.260416666666667,48.78958333333333,50.00416666666666,43.520833333333336,-1.1155765963097413,2077.155590693156,2447.3447465896606,45.57543065434205,17.670125325520832,-20.35309886932373,4.346143702665965,0.02724227181170129
12099766,Canada,7,60.86837471428572,-116.7249232857143,1.765446924988003,1.7701885013308534,79.78571428571429,24.699999999999996,38.6,36.699999999999996,1.25,12.400000000000002,7.1000000000000005,66.10000000000001,85.70000000000002,62.199999999999996,-1.1126874685287476,2042.4006652832031,2411.956115722656,45.192927159935145,17.774566650390625,-19.96517944335937,4.030107975006104,0.025721453130245202
12099767,Canada,5,60.736149999999995,-116.4975486,1.6289334631226877,1.7082861081462561,73.9,24.0,40.8,35.4,1.25,12.8,7.1,49.9,57.6,51.4,-0.9638175964355467,2058.1744689941406,2373.7631225585938,45.36710778740629,17.70587158203125,-19.631851196289062,4.209683895111084,0.026380924507975502
12199673,Alaska,1512,61.284969916345055,-163.2096552677456,1.5328623720049688,1.533851289237351,64.69166770674724,14.467195767195768,36.651851851851845,48.88095238095238,0.843915343915344,3.0825396825396822,5.299999999999999,299.9502645502646,258.3227513227513,168.04603174603176,0.934445220011252,1781.1102232352766,1421.3941061837334,42.20320097590219,13.881556919642858,-13.177661007674283,3.509958494592596,0.033233049172888336
12199674,Alaska,1703,61.20261290247032,-162.78189978413997,1.6088273170806946,1.589520456176901,68.490389811991,12.7269524368761,32.06494421608925,55.26423957721668,0.86635349383441,2.6571931884908984,5.315736934820903,287.7497357604228,249.06453317674692,162.25707574867883,1.0781336475734633,1812.1126725291479,1399.9960691280667,42.56884528870603,14.123444481590392,-13.141748111386615,3.397473271286495,0.03113146179426219
12199757,Canada,143,61.30333667715618,-121.27737095984018,2.1611003582514927,2.162994652670354,98.41373626373627,16.599999999999994,43.60000000000001,39.80000000000001,1.1599999999999997,12.200000000000003,6.399999999999999,72.19999999999999,77.60000000000002,119.89999999999998,-1.0935338735580444,2073.774688720703,2438.4136962890625,45.538716371025494,17.35400390625,-20.11557006835937,4.283927917480469,0.030077943578362402
12299765,Canada,10,61.6037865,-117.1342011,2.0932004500588706,2.211423130621917,94.654,21.6,44.7,33.75,1.255,12.100000000000001,7.05,58.55,44.85,38.35,-1.8457908630371087,2044.8257446289067,2680.1500549316406,45.21974949763551,17.972808837890625,-22.076187133789062,3.7834675312042245,0.024450341239571495
12299766,Canada,16,61.752643812500004,-116.8202758125,1.712279384564987,1.8068603268051455,76.84375,20.6625,46.2,33.1375,1.2531249999999998,11.675,7.26875,49.23125,45.7125,44.525,-2.1265602111816406,2013.6767387390137,2750.787699699402,44.87380757737611,17.87744140625,-22.243355751037598,3.852086752653122,0.025797076639719238
12399767,Canada,19,62.06730325328948,-116.32179768421051,1.695245731505902,1.6977266511154294,74.89107456387062,19.85789473684211,48.15789473684211,32.05263157894737,1.2457894736842106,11.95263157894737,7.199999999999999,70.17894736842106,59.24736842105262,43.08947368421054,-2.5600943188918266,1951.389519942434,2845.5681465550474,44.17441396928296,17.638161107113486,-22.38979781301398,3.6538589502635754,0.026018154954439675
12399772,Canada,8,62.491623749999995,-113.52501125,1.0373764530320124,1.0739630635596364,43.979166666249995,29.375,29.775,40.95,1.2075,13.0,6.85,143.39999999999998,139.27499999999998,114.9,-4.194902420043945,1798.2357177734375,3285.001308441162,42.40555540896258,16.895584106445312,-24.91135025024414,2.4973939061164856,0.02624654024839395
12399773,Canada,60,62.39071441666667,-113.1068995,1.573049098338503,1.5607226468470112,66.727777777,23.12666666666667,43.07499999999998,33.839999999999996,1.189666666666667,12.450000000000005,6.971666666666667,136.66333333333336,132.28166666666667,126.21000000000001,-4.040987928708394,1799.5852966308594,3230.1962745666506,42.421394922238875,16.955194091796876,-24.76984151204427,3.0521406451861064,0.02646009294937052
12499717,Alaska,20,62.69724521794774,-141.14273202615314,1.3236345480893301,1.331564642035644,56.65372313772124,13.199999999999998,32.89999999999999,53.9,0.85,9.300000000000002,5.599999999999999,168.69999999999996,105.40000000000002,36.5,-2.58917236328125,1831.97998046875,2743.8187713623047,42.8016352546109,15.81524658203125,-22.935562133789062,2.9775874614715576,0.024679966270923604
12499767,Canada,8,62.54716875,-116.433586,2.126390866594053,2.2764065913821883,92.9375,17.25,54.474999999999994,28.35,1.1974999999999998,13.024999999999999,7.125,88.425,65.6,47.05,-3.306820273399353,1910.2792663574219,3075.759422302246,43.70674144802982,17.424232482910156,-23.44442749023437,3.546604871749878,0.028792007826268624
12499773,Canada,17,62.50862235294118,-113.39922117647059,1.3975230661426437,1.4114379988181454,59.07843137352941,26.31764705882353,36.83529411764705,36.817647058823525,1.2064705882352942,12.952941176470588,6.864705882352942,147.88823529411766,141.22941176470587,126.16470588235295,-4.340415954589844,1787.0633239746094,3326.6730041503906,42.273671758845474,16.82080078125,-25.210418701171875,2.614413022994995,0.0267690699547529
12699701,Alaska,123,63.87986188956544,-149.24789756760742,1.4644329638288616,1.4020281379834505,56.30838817911989,11.0,38.199999999999996,50.8,0.8599999999999999,15.400000000000006,5.1000000000000005,240.9000000000001,192.5999999999999,129.29999999999995,-2.290206965392198,1478.4687244446297,2290.993150044263,38.450821162234725,13.671487699679242,-18.770190851475164,2.2084421045411893,0.06203645613135357
12699708,Alaska,3,63.84735246466666,-145.71703538,1.228553102031136,1.2808319574367164,47.0,7.099999999999999,40.1,52.79999999999999,0.69,7.8,5.2,238.80000000000004,139.8,78.6,-2.2216312885284424,1463.5509643554688,2249.595458984375,38.25638462211855,13.812652587890623,-17.142913818359375,2.066859006881714,0.0676207691431045
12699709,Alaska,21,63.92046839432462,-145.37824086807632,2.1813814517487735,2.178456683314045,90.62150415721845,10.599999999999998,29.399999999999995,60.09999999999999,0.49000000000000005,4.900000000000001,5.299999999999999,257.19999999999993,156.90000000000003,66.09999999999998,-1.348175048828125,1725.8351135253906,2191.0362854003906,41.54317168350762,15.39434814453125,-18.269195556640625,3.20233154296875,0.046061459928750895
12699710,Alaska,16,63.81574894399222,-144.9560637285791,1.3071563273975988,1.3279530381669633,53.422776875901874,8.4,31.0,60.7,0.56,3.6,5.3,264.6,167.4,85.9,-1.600343108177185,1670.31298828125,2227.860336303711,40.869462784348535,15.06689453125,-18.147445678710938,2.6733856201171875,0.056338932365179
12799706,Alaska,22,64.38822974005721,-146.88143744806337,1.425768382610195,1.4399895922629504,65.01033751527221,13.5,25.89999999999999,60.70000000000002,0.7400000000000001,4.400000000000002,5.5,209.10000000000002,128.0,55.29999999999998,0.1560351103544235,2079.059326171875,1996.579391479492,45.59670301865995,17.17236328125,-18.654617309570312,3.834681272506714,0.0254211947321891
12899668,Alaska,139,64.74129796895384,-165.9633327350436,1.717513144481573,1.6613325029540802,61.28283793153487,13.299999999999999,30.300000000000004,56.399999999999984,0.77,5.0,5.799999999999999,326.90000000000003,261.29999999999995,157.20000000000002,-2.0114141625466107,1274.5498788957116,1987.9790691128737,35.69871646183331,11.441992011859263,-15.699230605749776,1.8531642749155168,0.08564068441339531
12899672,Alaska,44,64.85070665310379,-163.6945093037013,0.9257504399591246,0.9519527146114328,34.99707538909615,12.125000000000002,31.45681818181818,56.41818181818181,0.6709090909090907,2.6136363636363638,5.061363636363637,313.9772727272727,286.5113636363637,180.10227272727272,-2.044645986773751,1428.7555049549449,2153.3189634843307,37.798611655441775,13.406779896129258,-17.34173722700639,2.3103187409314243,0.09488315812566057
12899703,Alaska,21,64.69606972863889,-148.31639580257934,0.9983389783942181,0.9298035160269675,46.68192943844205,17.147619047619052,30.061904761904753,52.785714285714285,0.5814285714285715,1.809523809523809,6.128571428571426,104.0095238095238,82.46666666666668,55.61904761904763,0.006031157714979991,2186.1346290225074,2156.159574236189,46.75611744215413,18.253118605840776,-19.75461905343192,4.0011953966958185,0.025738804379389385
12899704,Alaska,324,64.8940163245525,-147.6758089130857,1.7273671873492131,1.5971509573571674,77.31101077061487,13.276234567901234,14.622839506172843,72.12407407407406,0.6620370370370371,4.238271604938271,5.409567901234568,199.5787037037037,119.87222222222223,46.75802469135803,-0.4505729137195481,2000.0035901481722,2137.901907697136,44.71516439197763,17.17238739390432,-19.0887550542384,3.5580724168706825,0.028699975403278642
12999670,Alaska,287,65.3471979624022,-164.69813879814012,1.4817265227984096,1.4519865490305415,54.706642070374805,14.217770034843207,28.755400696864108,57.07142857142858,0.8018815331010455,10.08815331010453,5.3860627177700335,301.39686411149825,237.2222996515679,146.39477351916372,-2.8314571206162618,1361.9463766809124,2372.1223091896404,36.901986737873,13.05081538290097,-18.52082271775302,1.770235161748082,0.06021929816553812
12999706,Alaska,32,65.34018644876096,-146.91512823730284,0.7018799079749074,0.7598828452393354,28.260409902597402,13.1,33.7,53.2,0.47,8.9,4.9,323.8,238.2,170.1,-2.406578063964844,1621.180206298828,2473.6720581054688,40.263882156329984,15.13262939453125,-18.569000244140625,2.7429656982421875,0.0556361936032772
13099702,Alaska,29,65.56801159869667,-148.9246633629885,1.0422862520850429,0.9305480905643927,44.483089515848135,15.100000000000003,24.700000000000006,60.20000000000002,0.38000000000000017,10.0,5.199999999999998,315.5,207.60000000000005,99.90000000000003,-3.241102933883667,1821.444183349609,2971.791381835937,42.67838074891795,16.89697265625,-23.80599975585937,2.8820724487304688,0.038849685341119704
13300133,Russia_W,3,66.60766666666666,66.72666666666667,2.025317775561928,2.1157527927470015,76.37037037037037,22.100000000000005,47.4,30.46666666666667,0.94,8.166666666666666,5.3,204.30000000000004,134.6,86.8,-3.6392626762390137,1420.0168965657551,2716.9193267822266,37.68238632106311,16.604217529296875,-21.000773111979168,2.195243000984192,0.07678954799969985
13399699,Alaska,26,67.07901032416025,-150.3534041826282,1.2445763408938284,1.2211822336654672,48.66474358974358,12.300000000000002,29.600000000000005,58.099999999999994,0.8200000000000001,10.099999999999998,5.300000000000001,265.30000000000007,189.0,135.7,-4.791287899017334,1528.9236450195312,3246.5382690429688,39.101453234113066,15.469879150390623,-23.29623413085937,2.555628538131714,0.0820660665631294
13499676,Alaska,36,67.98999611111111,-161.95054166666665,1.1432033032770907,1.0489696813157074,40.64814814814815,16.577777777777776,32.338888888888874,51.022222222222226,0.8127777777777778,2.8111111111111113,5.755555555555556,300.65000000000003,193.10555555555558,110.55555555555556,-5.565117650561863,1264.2827996148003,3268.808945549859,35.55665302500678,13.784774780273438,-22.218402438693577,0.9716676655742857,0.08933528636892635
13499678,Alaska,99,67.91677161616163,-160.75469010101008,1.1154347149051183,1.0996154541838272,37.79797979797979,16.92525252525253,33.28080808080809,49.83232323232321,0.7938383838383839,13.213131313131315,5.6000000000000005,306.639393939394,236.57979797979795,142.31111111111107,-6.240810466535164,1147.0897447990649,3398.4457619406962,33.867847235147174,13.218365293560606,-23.58759238503196,0.3300254028854948,0.08314070986075835
13499679,Alaska,163,67.94356141104292,-160.26733233128834,1.1670279911002768,1.1341465183426078,38.38854805725972,17.319018404907975,32.774233128834354,49.998159509202445,0.7673619631901839,12.67730061349693,5.572392638036811,322.97484662576693,253.62699386503067,153.71840490797544,-6.586990921043911,1081.8673455173985,3459.7579682707055,32.88878121624783,12.782122840179255,-23.996248678195695,0.36303469886077694,0.07972192873984026
13499720,Canada,157,67.87012282681226,-139.7426731710646,1.0376312281864766,0.9433461381366305,39.47064745728439,23.731210191082802,25.33694267515924,50.89872611464967,0.8479617834394905,7.114012738853503,5.899999999999999,168.79426751592356,121.28152866242036,132.10828025477701,-6.5552731927033445,1445.954236073099,3800.8872690383037,38.025553099195456,15.095838413117038,-26.956710037911773,1.0182008599020114,0.043031078496366525
13499721,Canada,33,67.9247796969697,-139.4014006060606,1.1734047219731265,1.0021188104383736,44.484848484848484,26.53030303030303,25.94545454545454,47.5939393939394,0.8596969696969696,6.3121212121212125,5.86969696969697,174.55757575757576,129.95151515151517,133.0909090909091,-6.40774696523493,1438.2492629542496,3739.799131913618,37.92424750588143,14.946511008522727,-26.55813691110322,0.903205855326219,0.04145291797590973
13599676,Alaska,59,68.02107593220339,-161.52199745762712,1.128587552089517,1.1344368906955666,38.68644067796611,15.799999999999997,34.0,50.19999999999999,0.86,5.600000000000001,5.8,301.0999999999999,155.70000000000005,98.0,-6.194551055714236,1174.6883063882085,3408.701822313212,34.273497523590514,13.286785578323624,-22.97246874793101,0.6462483537399163,0.08980255283541592
13599677,Alaska,4,68.0196425,-161.4983825,1.2683296567647862,1.3024114517642236,43.41666666666667,15.8,34.0,50.2,0.86,5.6,5.8,301.1,155.7,98.0,-6.210154056549072,1171.7869567871094,3411.5011138916016,34.23137386648554,13.26904296875,-22.986007690429688,0.6262919306755066,0.0898581147193908
13599680,Alaska,50,68.1381376,-159.8282658,1.1316967637265911,1.065091068724655,37.72,17.896,31.427999999999994,50.727999999999994,0.7415999999999998,10.352,5.644,326.816,229.22800000000004,134.244,-6.693145751953125,1110.9211120605469,3527.03727722168,33.33048322572816,13.07110595703125,-24.631515502929688,0.5037663578987122,0.0721004903316497
13599681,Alaska,188,68.09688968085106,-159.43812521276595,1.2804579690997002,1.1426895440676783,42.58244680851064,16.16595744680851,31.979255319148944,51.911702127659595,0.6561170212765958,8.861702127659576,5.606382978723405,335.82021276595736,269.6611702127659,161.4255319148936,-6.643937136264557,1105.9218524364715,3504.2153955824833,33.25539851158445,13.063885303253823,-24.453094644749417,0.4940665746305851,0.06954434430821135
13599682,Alaska,19,68.04353526315789,-158.58402842105264,1.3202243873521007,1.2704691711587712,43.99122807017544,19.863157894736847,33.363157894736844,46.873684210526314,0.786842105263158,4.873684210526317,5.821052631578947,321.9947368421052,222.2684210526316,134.83157894736837,-6.312643527984619,1110.2906188964844,3388.253204345703,33.32102367719941,13.22833251953125,-23.35189819335937,0.7773895263671875,0.0787679553031921
13599700,Alaska,93,68.47218581699958,-149.5027990618615,1.9607874446391191,1.9295096321290268,51.558517216786164,17.852688172043013,35.81505376344086,46.33225806451615,0.7406451612903224,15.929032258064517,5.501075268817204,273.36989247311817,175.18924731182796,94.07849462365594,-8.52379398961221,691.6551553049395,3777.660131474977,26.298671199784348,10.033345540364584,-22.98231457125756,-0.6409019199750756,0.08979719468662806
13599701,Alaska,26,68.47698765140484,-149.49980861131795,1.859671382514768,1.7532983107845563,48.943183717387086,17.800000000000004,35.89999999999999,46.29999999999999,0.7399999999999998,16.0,5.5,273.1,175.0,94.09999999999998,-8.520755767822266,692.6470947265625,3777.546676635742,26.31818942721103,10.04376220703125,-22.983413696289062,-0.6407114863395691,0.0898978412151336
13599732,Canada,121,68.31994184315708,-133.5186593536942,1.398508607314467,1.3539785232278059,50.353305785123965,32.39999999999999,27.5,40.10000000000001,1.0500000000000003,10.400000000000002,5.5,101.0,93.5,109.5,-6.2012810707092285,1296.3601989746094,3525.231948852539,36.005002415978375,13.667144775390623,-23.429367065429688,1.3035659790039062,0.04218928143382071
13699698,Alaska,6,68.94284233333333,-150.66085383333333,1.889783739635473,1.9344384529654381,58.958333333333336,23.066666666666663,32.31666666666667,44.633333333333326,0.67,6.316666666666666,5.95,327.03333333333336,251.3166666666667,135.66666666666666,-7.240178267161052,973.5343729654948,3590.054730733236,31.201188522285765,12.592600504557291,-23.309850056966145,0.6951921284198761,0.057465381299455914
13699699,Alaska,101,68.95691605954036,-150.25749329368378,1.864114490703404,1.8261425287915953,57.72714675415315,20.688118811881196,35.16336633663366,44.21287128712874,0.6400990099009901,4.942574257425742,5.762376237623765,308.30792079207924,253.22079207920794,152.1,-7.08837609715981,960.5421393366144,3522.225149928933,30.990225782568782,12.415791124400526,-22.816840294564123,0.5834993742185064,0.055531976615438315
13699700,Alaska,129,68.61070007561005,-149.5221286454367,1.8161766956913945,1.9013899035438335,49.98662752331096,19.930232558139537,39.925581395348836,40.14418604651163,0.6418604651162789,11.790697674418604,5.699999999999999,338.3139534883721,265.3302325581395,140.89767441860465,-8.367101292277491,756.9722403592841,3785.0691155721975,27.51206851450046,10.67374863735465,-23.0792736674464,-0.3337747241088817,0.08883385689452629
13699701,Alaska,1330,68.64345618443062,-149.36780597447557,1.7054969555472002,1.6585986669755197,47.01916718115436,18.890375939849626,38.29962406015038,42.81022556390977,0.5480751879699247,11.037518796992483,5.472406015037595,353.8633834586466,276.73511278195485,140.25842105263158,-8.366947105235623,759.7165392882841,3787.7105014657614,27.559464245469492,10.696751162880345,-23.032190010242893,-0.3446717905538871,0.088160667019455
13699702,Alaska,56,68.91352256016066,-148.84716776487488,1.7059801194140976,1.483085832023262,51.879781460029356,20.526785714285715,36.82142857142857,42.651785714285715,0.6439285714285715,8.744642857142855,6.105357142857143,290.46785714285716,209.2464285714286,125.09285714285714,-8.051733825887952,924.909215109689,3835.923011234828,30.41214957059079,12.096927642822266,-23.945793424333846,-0.07901654698486833,0.07598049818937268
13699732,Canada,68,68.74974860376476,-133.51722095248527,1.3282138338734026,1.2499379646584892,45.4254679144385,40.023529411764706,20.20441176470588,39.77205882352941,1.0698529411764703,11.101470588235296,5.6573529411764705,133.83676470588236,99.79264705882352,84.11764705882352,-6.871257270083708,1169.039535522461,3642.2136427935434,34.19110327252556,12.771358714384192,-23.62577528112075,0.7469433813410646,0.04051058470983713
13699733,Canada,7,68.74153764471434,-133.49636739214284,1.351212612644924,1.3668758191284431,46.214285714285715,38.199999999999996,20.900000000000002,40.9,1.07,11.900000000000002,5.6000000000000005,131.5,97.29999999999998,83.60000000000001,-6.8673248291015625,1169.782470703125,3641.533462524414,34.202082841592045,12.77813720703125,-23.630538940429688,0.838836669921875,0.0406197793781757
13700322,Russia_E,4,68.726675,161.21485,1.9963664347430266,1.8349362023102365,70.43461538461538,21.525,30.924999999999997,47.6,1.22,10.924999999999999,6.25,125.25,91.425,80.625,-8.897180795669556,1239.4441680908203,4449.002628326416,35.20076189015865,12.584861755371094,-30.782730102539062,0.8474394679069519,0.0527277225628495
13700323,Russia_E,4,68.77097499999999,161.523025,3.340570638142897,3.370497828499398,116.77205387205387,18.599999999999998,26.075,55.375,1.28,9.475,5.95,130.3,85.175,55.95,-8.61300277709961,1223.9303741455078,4330.2566566467285,34.984313377426055,12.448722839355469,-30.02515411376953,0.6139405518770218,0.05526487901806827
13799698,Alaska,35,69.23587366498657,-150.77653144308223,1.8201361946935812,1.8346792834595012,57.31329004329004,26.337142857142855,18.279999999999994,55.42,0.6380000000000001,3.3685714285714297,5.948571428571428,325.70571428571424,248.42000000000002,128.32571428571433,-7.6642250742231095,991.4895682198661,3760.6786006382536,31.48756733547229,12.760607038225446,-24.877986798967633,0.5588075918810708,0.05262629017233845
13799699,Alaska,59,69.06141378115085,-150.3997532756094,1.595564365124065,1.5664336885668144,50.09935665690973,23.88305084745763,30.249152542372876,45.91525423728812,0.650677966101695,4.2406779661016945,5.84406779661017,336.9677966101695,263.6983050847457,150.435593220339,-7.315990795523433,985.8092030670683,3629.4618920794987,31.39734111971762,12.659807625463454,-23.70848109358448,0.6699264882984808,0.05540428487426138
13799702,Alaska,1644,69.11166930619298,-148.81398035275245,1.5380271930592364,1.4173399688359498,47.27972902629655,23.537834549878344,31.822323600973238,44.601216545012164,0.6351703163017033,5.307238442822383,6.045863746958639,307.67639902676393,201.38978102189785,93.71520681265206,-7.950473713758798,944.9484857897979,3819.304112074729,30.739963980172032,12.220325219370153,-24.43670993071693,0.5194753647539447,0.06365568007041134
13899702,Alaska,29,69.63386811764705,-148.68300154335697,1.659329958007739,1.633694734598486,49.663764646762395,22.986206896551717,21.651724137931037,55.45862068965518,0.863793103448276,0.9758620689655172,7.179310344827585,289.5103448275862,165.62068965517236,104.83103448275865,-7.87636633577018,897.0643079034213,3743.979485347353,29.949020201643435,11.753892569706357,-24.449666516534208,0.050030766633050214,0.04818656950675202
13999702,Alaska,287,70.13808010578396,-148.65554647795173,2.205238057735757,1.9674595380735307,60.675653624633476,17.318118466898955,37.84982578397213,44.83170731707318,0.7036585365853658,1.7895470383275267,7.088153310104531,291.70278745644606,207.17874564459927,129.36933797909407,-7.917711359283235,757.2059120949137,3619.600299104165,27.516618775349656,9.872120289021668,-23.806884021293826,-0.7018795594936464,0.040006100638195194
13999703,Alaska,115,70.18151847826087,-148.45773926086954,2.036956103788981,2.04688772970602,52.98754268663988,18.77739130434783,35.79130434782609,45.5295652173913,0.6696521739130437,1.991304347826087,7.003478260869566,280.22869565217394,180.17043478260868,135.05217391304345,-7.958390522003174,676.5436767578125,3554.370709228516,26.010305141355612,8.701513671875,-23.32428894042969,-0.767877721786499,0.040404843538999514
14000137,Russia_W,5,70.28598,68.88144,2.5431297155921415,2.3729995631908736,81.38635057471264,20.380000000000003,45.42,34.18,0.8400000000000001,8.479999999999999,5.860000000000001,236.1,195.98000000000002,112.02000000000001,-5.538462734222412,1024.2524719238281,3017.142153930664,32.003943947687354,12.9170166015625,-20.845391845703126,0.9111831665039063,0.08550657480955118
14199686,Alaska,4716,71.28453622218579,-156.61286839876618,1.85213488724529,1.8582357592482686,39.44746235785541,20.40803647158609,43.17856234096692,36.448006785411366,0.487970737913486,3.719274809160305,5.464758269720102,399.7090542832909,283.4325699745547,189.737786259542,-7.727041475139906,453.9233110215929,3249.850394752897,21.303696821306055,5.721559273782072,-21.00445039278375,-1.7723925864929058,0.04515550709136009
14300257,Lena,29,71.63472068965517,128.7862827586207,1.5803888252291318,1.6570369002517171,45.40862068965518,22.770370370370372,49.077777777777776,28.19629629629629,1.025185185185185,11.125925925925923,5.844444444444446,117.4148148148148,74.26666666666667,42.89259259259258,-11.083702547796841,825.345090668777,4837.256226112103,28.727627955740886,8.69817483836207,-30.89818651922818,-1.6751463577665133,0.05301184708188313
14300258,Lena,893,71.81643303471444,129.3236830907055,1.3874752362652967,1.3122105031647757,39.98844718178425,21.64575242718447,51.88944174757281,26.53337378640777,1.066601941747573,12.483616504854364,6.087864077669902,98.36007281553398,63.51686893203884,35.89320388349514,-10.697426888870632,831.0689944003491,4702.381835356538,28.815918087387054,8.88629970571896,-30.14065772181529,-1.9255964124589857,0.050553403790593775
14300259,Lena,155,71.60011999999999,129.97433096774193,1.6399254200281517,1.6267506379228063,47.380645161290325,22.800000000000004,51.199999999999996,26.099999999999998,,11.900000000000002,6.200000000000001,,,,-10.11870288848877,834.7448425292969,4496.026840209961,28.89195117207035,9.071044921875,-28.813095092773445,-1.2365493774414062,0.05585336685180659
14300260,Lena,169,71.5736798816568,130.0156473372781,1.5157473840194748,1.4536920594203802,43.79289940828402,,,,,,,,,,-10.11870288848877,834.7448425292969,4496.026840209961,28.891951172070343,9.071044921875,-28.813095092773445,-1.2365493774414062,0.0558533668518066
14400251,Lena,15,72.33239333333336,125.79258666666668,2.282706602956459,2.3131656181357485,68.2,23.273333333333337,49.51999999999999,27.30666666666666,0.9700000000000003,12.193333333333335,5.599999999999999,131.41333333333336,80.67333333333335,80.93333333333335,-10.83217658996582,891.7824035644531,4813.186959838868,29.862569544664453,8.921586100260416,-30.222275797526045,-1.6604138135910034,0.05344439273079233
14400252,Lena,1183,72.34122409129333,126.25792282333052,1.3556723697444435,1.2228338141557644,41.12644829529445,23.25773457311919,47.467793744716815,29.30033812341505,0.9804987320371934,12.733643279797125,5.857227387996618,104.70752324598479,67.84150464919696,58.15663567202029,-10.772875626210126,920.1035912095341,4819.290838504382,30.333139262495024,9.12943374233939,-30.43936658973726,-2.628721747374192,0.053146815048695964
14400253,Lena,112,72.35550089285714,126.55536428571428,2.869421809154741,2.6742138400170212,86.71875,22.758928571428573,46.61785714285714,30.66071428571429,0.9867857142857144,12.980357142857141,5.969642857142857,106.81160714285716,67.81875,56.624999999999986,-10.835612109729222,914.3199367523193,4836.333962440491,30.237392920273113,9.10145023890904,-30.54234368460519,-3.337146443980081,0.054077110652412594
14400254,Lena,5,72.34443999999999,127.31984,1.2966898337536006,1.2915609679329263,38.2,22.439999999999998,47.9,29.740000000000002,0.978,12.72,5.959999999999999,103.05999999999999,71.62,48.0,-11.013461303710937,867.4995239257812,4854.398742675781,29.453304846496213,8.81048583984375,-30.776641845703125,-3.0224365234375,0.05323024019598953
14400258,Lena,4,72.06015,129.2462,3.2339151384848854,3.261874058990518,86.75,20.4,51.9,27.8,1.05,15.2,6.4,96.5,74.6,45.5,-10.205538749694824,719.5843811035156,4413.687301635742,26.825070011157763,8.48931884765625,-28.360031127929688,-1.853986144065857,0.0529191642999649
14500247,Lena,41,72.95956341463415,123.76332926829267,2.013073821713254,1.7347270239204726,58.18780487804877,25.98780487804878,49.814634146341454,24.241463414634147,0.9668292682926829,12.285365853658536,6.151219512195122,111.5512195121951,60.404878048780475,45.78292682926829,-10.96777541462968,835.566997248952,4806.572747951601,28.905557996007087,8.65976026581555,-30.72134585496856,-2.1041206732028868,0.04922940909135628
14500248,Lena,4,72.8969,124.17925,1.619573364479965,1.6728068002334715,47.3,23.75,50.95,25.3,0.9975,11.925,5.95,100.69999999999999,63.72500000000001,52.925,-10.966852188110352,852.9120559692383,4823.481887817383,29.204460043527295,8.726234436035156,-30.79192352294922,-2.089083343744278,0.04911720193922515
14500254,Lena,8,72.57187499999999,127.21090000000001,1.4163049027568,1.239215792917685,41.6625,23.6,49.2625,27.1375,0.9337500000000001,12.350000000000001,6.025,89.1125,75.61250000000001,66.775,-10.857218742370605,863.4837265014648,4793.262140274048,29.384516714939373,8.80523681640625,-30.44137573242187,-3.325322538614273,0.04955964349210254
14500255,Lena,64,72.5217609375,127.96091874999999,1.3136651029025264,1.3186902188941072,37.89375,23.1171875,49.545312499999994,27.437500000000004,0.9634375000000001,12.434375,6.082812500000001,94.31562500000001,68.47500000000001,46.7703125,-10.961475357413292,831.7084512710571,4799.595825433731,28.839320436791166,8.620154857635498,-30.622894287109375,-1.8942947704344988,0.04793674056418236
14500256,Lena,347,72.51368760806916,128.1203752161383,1.0593095831163484,1.0410712254427161,30.43472622478386,23.68357348703171,47.973775216138336,28.3792507204611,0.9830547550432278,12.070028818443802,6.1000000000000005,111.9328530259366,77.49481268011529,49.04668587896253,-10.947647746083373,824.8894057919725,4787.762883870677,28.72054733882649,8.603137277388779,-30.57941759972476,-1.9666568480582334,0.047605622817442766
