set,stratum_var,stratum,order,n,n_blocks,y_mean,y_sd,method,rmse,rmse_lo,rmse_hi,bias,bias_lo,bias_hi,delta_vs_stefan,delta_lo,delta_hi,ci_flag
Alaska_OOF,ALT 5분위,Q1 [4–36 cm],0,2721,30,29.551625631686,4.921341348035755,stefan,14.849533597094169,9.461326537909033,28.343824577123574,10.216723566338578,5.637841708007609,26.800298306265574,0.0,0.0,0.0,ok
Alaska_OOF,ALT 5분위,Q1 [4–36 cm],0,2721,30,29.551625631686,4.921341348035755,stefan_ridge075,15.219033375250378,12.54168384825751,22.029282516261105,13.524037406650503,11.297736468236286,20.81191820909182,0.36949977815620905,-8.88303358149816,3.2522308801848694,ok
Alaska_OOF,ALT 5분위,Q1 [4–36 cm],0,2721,30,29.551625631686,4.921341348035755,catboost_lo,21.98569843764006,15.204286360567728,23.631471463034238,20.765326833024147,13.691861480893715,22.702166236537863,7.1361648405458915,-10.488156874485194,13.987839192671482,ok
Alaska_OOF,ALT 5분위,Q2 [36–44 cm],1,2721,39,40.035600853620416,2.535400560365668,stefan,10.194642214805672,8.197032789993422,17.281128089543795,2.1702093491978736,-3.1740289136677116,15.315504317696146,0.0,0.0,0.0,ok
Alaska_OOF,ALT 5분위,Q2 [36–44 cm],1,2721,39,40.035600853620416,2.535400560365668,stefan_ridge075,8.084454621462136,5.1123381967803665,12.965721124692287,4.906825734888483,2.127686967470737,11.500358885384292,-2.110187593343536,-5.606673032211364,0.0873668143129278,ok
Alaska_OOF,ALT 5분위,Q2 [36–44 cm],1,2721,39,40.035600853620416,2.535400560365668,catboost_lo,11.724015055005266,7.309695272088098,13.771508845573976,9.743546684206505,4.473638484294066,12.53068247390599,1.5293728401995939,-6.813071156524759,4.96413936547079,ok
Alaska_OOF,ALT 5분위,Q3 [44–52 cm],2,2721,46,48.05916538115622,2.2910821506577053,stefan,12.29891937627679,7.2182538188936025,14.68357623270466,-4.757299142007846,-10.63798916872301,9.553764465257142,0.0,0.0,0.0,ok
Alaska_OOF,ALT 5분위,Q3 [44–52 cm],2,2721,46,48.05916538115622,2.2910821506577053,stefan_ridge075,8.367688876618342,6.807955171517384,11.97193337986939,-1.667442250941583,-5.2591239904427445,7.698713573286066,-3.931230499658449,-6.015628531708751,0.42260159805411984,ok
Alaska_OOF,ALT 5분위,Q3 [44–52 cm],2,2721,46,48.05916538115622,2.2910821506577053,catboost_lo,7.959462200407053,6.170514790019032,10.192663000265405,3.428409321637197,-1.8731762899737425,6.307376393908437,-4.339457175869738,-5.8594548426750706,-0.5622596695677917,ok
Alaska_OOF,ALT 5분위,Q4 [52–65 cm],3,2721,44,58.25987355344901,3.7234579967060863,stefan,12.61703318535221,10.053139508492173,16.11465166381298,-1.05589996626576,-11.664342861602176,5.940189222613699,0.0,0.0,0.0,ok
Alaska_OOF,ALT 5분위,Q4 [52–65 cm],3,2721,44,58.25987355344901,3.7234579967060863,stefan_ridge075,10.390647558025496,7.911521236696544,12.588180983153592,-1.0014838095163694,-9.337205884890519,4.377397673948087,-2.2263856273267137,-4.343140569340804,0.1983203538219968,ok
Alaska_OOF,ALT 5분위,Q4 [52–65 cm],3,2721,44,58.25987355344901,3.7234579967060863,catboost_lo,9.211686949587971,7.032036980598913,12.604679086517729,-1.864052156438694,-9.031078233810625,1.9190506930011881,-3.405346235764238,-7.57373118784757,1.485855324066425,ok
Alaska_OOF,ALT 5분위,Q5 [65–202 cm],4,2722,39,76.44373346043976,13.157109509297392,stefan,20.2489070916899,13.9840730702008,34.091530772704715,-11.536212394049196,-28.646246307180093,-6.946621610182156,0.0,0.0,0.0,ok
Alaska_OOF,ALT 5분위,Q5 [65–202 cm],4,2722,39,76.44373346043976,13.157109509297392,stefan_ridge075,20.3320814916938,14.540164399562478,33.904526295793524,-12.595101286296142,-27.932745090940045,-8.069354336360428,0.08317440000389809,-2.0972191828319886,2.0706651118940465,ok
Alaska_OOF,ALT 5분위,Q5 [65–202 cm],4,2722,39,76.44373346043976,13.157109509297392,catboost_lo,22.73832817547417,17.044924531508467,36.747312578392,-15.97741954905131,-31.74115787585145,-11.993413904364347,2.4894210837842685,0.2060166069259417,5.234649834471038,ok
Alaska_OOF,고도,<100 m,0,8543,25,50.802269668437056,16.99144039413058,stefan,12.470232410037891,11.145819999390499,22.43138899957869,-2.64118387506147,-6.54665933961325,4.575700744477189,0.0,0.0,0.0,ok
Alaska_OOF,고도,<100 m,0,8543,25,50.802269668437056,16.99144039413058,stefan_ridge075,11.002171068643129,9.603012018549961,18.606262543251553,0.7644521160505854,-2.300652294023648,1.5353925092977114,-1.4680613413947619,-3.9166091543079866,-0.32963889285596876,ok
Alaska_OOF,고도,<100 m,0,8543,25,50.802269668437056,16.99144039413058,catboost_lo,15.429594843647235,10.809820360439804,19.488485191354414,6.496509779392463,-4.2533989190554875,13.008159541094036,2.9593624336093445,-2.8588680812690987,5.351470628012019,ok
Alaska_OOF,고도,100–300 m,1,1432,29,53.324696335759555,24.273792789896167,stefan,22.111641678760176,18.196518400877594,25.104365510539587,6.597095475634161,0.8718203698591642,13.836454500751627,0.0,0.0,0.0,ok
Alaska_OOF,고도,100–300 m,1,1432,29,53.324696335759555,24.273792789896167,stefan_ridge075,20.792646008195398,13.945037066875525,25.380948549977646,-0.8854029177546886,-5.7248000217685036,5.661041910178431,-1.318995670564778,-4.868594636482796,0.5048168971441925,ok
Alaska_OOF,고도,100–300 m,1,1432,29,53.324696335759555,24.273792789896167,catboost_lo,21.63845717913885,14.599675217080684,26.947761023742324,-2.525622653731086,-7.6515413593496175,3.7243677400271986,-0.47318449962132547,-4.950049872266249,2.1984105211809064,ok
Alaska_OOF,고도,300–600 m,2,1926,20,48.86691535524458,16.872164501784223,stefan,17.221785421190717,14.74372039102789,24.013465578644176,2.2619229922030812,-2.3258102545457824,12.154617346786447,0.0,0.0,0.0,ok
Alaska_OOF,고도,300–600 m,2,1926,20,48.86691535524458,16.872164501784223,stefan_ridge075,16.526362277462827,13.270812007558803,19.455778056398493,3.908737350090876,-3.579387827960695,7.740596568710428,-0.6954231437278899,-5.08997176797946,0.017720560820871277,ok
Alaska_OOF,고도,300–600 m,2,1926,20,48.86691535524458,16.872164501784223,catboost_lo,16.38543033561887,14.314802288569755,20.081761747020817,-0.12460926313576776,-8.270386146767773,4.757456875638405,-0.8363550855718458,-5.112392704602257,2.2932843416134006,ok
Alaska_OOF,고도,>600 m,3,1705,8,48.233640341601294,11.51897247838642,stefan,11.956559821130172,10.947186027089856,16.403482649634267,-2.7884522032145567,-7.9007034404221415,2.2692688154628904,0.0,0.0,0.0,ok
Alaska_OOF,고도,>600 m,3,1705,8,48.233640341601294,11.51897247838642,stefan_ridge075,11.824290105373366,10.93276063180275,16.01792677400013,-2.4555310786786353,-5.615825772262489,2.5856419788785314,-0.1322697157568058,-1.4256287568265535,0.07974013575930988,ok
Alaska_OOF,고도,>600 m,3,1705,8,48.233640341601294,11.51897247838642,catboost_lo,12.7794416062415,11.624055635113523,17.785619077885755,-4.611301636384368,-7.780091638217888,-4.060311749291441,0.8228817851113277,-0.35599703069962957,1.5751032690660338,ok
Alaska_OOF,MAAT,<−6 °C,0,9228,38,43.560382057943585,13.31252832191033,stefan,13.906055080863673,11.73734428434697,19.241303193827317,-2.986445523478291,-5.65019349109815,3.393844153524511,0.0,0.0,0.0,ok
Alaska_OOF,MAAT,<−6 °C,0,9228,38,43.560382057943585,13.31252832191033,stefan_ridge075,12.48744215884242,9.997958536541178,17.2024006344994,0.8269790248085132,-3.247328534092555,3.224400082212155,-1.4186129220212536,-3.4384470782429903,-0.5790396657498654,ok
Alaska_OOF,MAAT,<−6 °C,0,9228,38,43.560382057943585,13.31252832191033,catboost_lo,16.198525519461153,13.024759834183996,17.55834945554036,6.302015070783437,-4.464889662244485,12.005825828939283,2.29247043859748,-2.8282461051197307,4.924796132965062,ok
Alaska_OOF,MAAT,−6~−2 °C,1,619,20,51.501907949346155,18.130606240619375,stefan,21.285907358385753,18.563578133909438,28.897692525629623,9.989070623175833,6.180024456622444,22.565942849446493,0.0,0.0,0.0,ok
Alaska_OOF,MAAT,−6~−2 °C,1,619,20,51.501907949346155,18.130606240619375,stefan_ridge075,18.46703584221875,16.29424977970225,23.24765302028425,3.782054492149154,-0.20799847559079593,14.749237842753235,-2.818871516167004,-6.802951445869464,-0.6505233281204856,ok
Alaska_OOF,MAAT,−6~−2 °C,1,619,20,51.501907949346155,18.130606240619375,catboost_lo,20.202630390033924,16.672390258568516,23.12770826201488,-3.3606098099592305,-7.9683871794110415,12.291242581726317,-1.0832769683518286,-7.27599114314648,1.2092743738182061,ok
Alaska_OOF,MAAT,>−2 °C,2,3759,18,67.26946103632561,14.310419639386161,stefan,14.392490282932657,11.369169068630761,27.558157180644503,2.091312617151405,-3.2962031843556225,5.600116084154432,0.0,0.0,0.0,ok
Alaska_OOF,MAAT,>−2 °C,2,3759,18,67.26946103632561,14.310419639386161,stefan_ridge075,14.289492702905745,10.530149204328392,28.027604887791284,-0.3639502727453814,-9.082767871353578,1.7078252246598933,-0.10299758002691206,-1.803274359364352,1.1434535457324502,ok
Alaska_OOF,MAAT,>−2 °C,2,3759,18,67.26946103632561,14.310419639386161,catboost_lo,14.822682517686173,10.900158272914142,30.270630821440495,-3.270564758300807,-9.496189093053834,-1.246596773994125,0.4301922347535161,-1.1909828079226132,3.0950690524837037,ok
Alaska_OOF,SOC 0–5 cm 3분위,Q1 [100–300],0,3895,48,62.28759026599366,17.784148100371564,stefan,16.705703506644902,12.73440820793798,23.057298062809437,-1.6328808534690533,-6.259879264333333,1.0667933560025258,0.0,0.0,0.0,ok
Alaska_OOF,SOC 0–5 cm 3분위,Q1 [100–300],0,3895,48,62.28759026599366,17.784148100371564,stefan_ridge075,16.01038229338335,12.352623574298367,21.617191703629434,-0.43794993805506743,-5.1478533861231535,1.474482813474363,-0.6953212132615505,-2.6793091218833394,0.24849144205183335,ok
Alaska_OOF,SOC 0–5 cm 3분위,Q1 [100–300],0,3895,48,62.28759026599366,17.784148100371564,catboost_lo,16.258001389408214,12.50139030641311,21.92676249900183,-3.424231266061611,-4.949880332015404,-1.3373002012723736,-0.4477021172366875,-2.303941092995921,0.4954131952870781,ok
Alaska_OOF,SOC 0–5 cm 3분위,Q2 [300–380],1,5162,36,50.45441982927998,16.784420812688,stefan,15.09712679466175,12.456835810251984,20.060678030614152,4.200064242320146,0.26859526184088234,8.202300768358489,0.0,0.0,0.0,ok
Alaska_OOF,SOC 0–5 cm 3분위,Q2 [300–380],1,5162,36,50.45441982927998,16.784420812688,stefan_ridge075,14.072307434164493,11.209775398289464,18.43975356940013,1.8424439408538837,-1.5846787789922863,6.123149157061374,-1.024819360497256,-2.666022820859186,0.06588353690495827,ok
Alaska_OOF,SOC 0–5 cm 3분위,Q2 [300–380],1,5162,36,50.45441982927998,16.784420812688,catboost_lo,15.018686535555652,11.958032187593979,20.140017556831797,-0.3178386813039434,-4.469157989553814,4.508961580856622,-0.07844025910609709,-2.1436386691731544,2.0778429189994374,ok
Alaska_OOF,SOC 0–5 cm 3분위,Q3 [380–419],2,4549,4,40.374788182481446,9.575693046493749,stefan,11.29213234882151,,,-6.338778004316188,,,0.0,,,blocks<8
Alaska_OOF,SOC 0–5 cm 3분위,Q3 [380–419],2,4549,4,40.374788182481446,9.575693046493749,stefan_ridge075,9.341733156693081,,,0.1757495015080532,,,-1.9503991921284296,,,blocks<8
Alaska_OOF,SOC 0–5 cm 3분위,Q3 [380–419],2,4549,4,40.374788182481446,9.575693046493749,catboost_lo,16.94399349718098,,,12.916858370756865,,,5.651861148359469,,,blocks<8
Alaska_OOF,경사,<0.5°,0,4835,39,47.79511664757771,15.91142683654357,stefan,13.445848204408081,12.13492517624139,19.99188215963937,-5.473381493786835,-7.720983214036753,1.1083608931329452,0.0,0.0,0.0,ok
Alaska_OOF,경사,<0.5°,0,4835,39,47.79511664757771,15.91142683654357,stefan_ridge075,11.454309525367561,9.960517010000872,16.828151060010292,-0.20727311613452823,-4.2055739296965164,0.7047750535231245,-1.99153867904052,-3.277081710000584,-0.6154634852110746,ok
Alaska_OOF,경사,<0.5°,0,4835,39,47.79511664757771,15.91142683654357,catboost_lo,15.601623529211556,13.993235439807583,17.773355921708777,7.522904064476246,-5.260325422987282,11.485116268371446,2.155775324803475,-2.5948579546755397,3.4682669739353433,ok
Alaska_OOF,경사,0.5–2°,1,5702,55,52.858778019693446,17.569681525678778,stefan,14.006621747810787,11.621737652766695,18.097086488863756,0.33986366569630544,-2.125829077604815,3.1445231133212026,0.0,0.0,0.0,ok
Alaska_OOF,경사,0.5–2°,1,5702,55,52.858778019693446,17.569681525678778,stefan_ridge075,13.40209566090484,10.954122770311745,17.195424395748525,1.3256730606481981,-1.0417738003722374,3.0785722326876632,-0.6045260869059472,-1.5114262847794324,-0.15749367598024516,ok
Alaska_OOF,경사,0.5–2°,1,5702,55,52.858778019693446,17.569681525678778,catboost_lo,15.417407729499923,12.363454937705216,18.616547321542146,1.6979935837194207,-3.557224049317124,8.875658514862891,1.410785981689136,-1.143809968559129,4.81744569252242,ok
Alaska_OOF,경사,≥2°,2,3069,36,50.254366056554716,18.578126152954063,stefan,16.65041749130114,13.243975088895143,21.010772404076164,3.5879623504787586,0.082831802718716,7.9816875718991405,0.0,0.0,0.0,ok
Alaska_OOF,경사,≥2°,2,3069,36,50.254366056554716,18.578126152954063,stefan_ridge075,15.727158994557556,11.68975704067737,20.28292121547243,0.6671693779790846,-3.264820611909343,4.9010097546607705,-0.9232584967435855,-2.8478696347983643,0.1872464370834623,ok
Alaska_OOF,경사,≥2°,2,3069,36,50.254366056554716,18.578126152954063,catboost_lo,17.756722670641167,13.625438835986884,22.920278739017338,-0.7411130308695776,-6.0186384079674085,5.558021001199941,1.1063051793400263,-1.908309760440605,4.582407110392135,ok
Alaska_OOF,위도 2° 대역,60–62°N,0,3217,4,66.69810447282846,10.648960097115369,stefan,11.053783426153524,,,2.720259687462068,,,0.0,,,blocks<8
Alaska_OOF,위도 2° 대역,60–62°N,0,3217,4,66.69810447282846,10.648960097115369,stefan_ridge075,10.652447576471038,,,0.840277246534815,,,-0.4013358496824857,,,blocks<8
Alaska_OOF,위도 2° 대역,60–62°N,0,3217,4,66.69810447282846,10.648960097115369,catboost_lo,10.809189993552309,,,-2.6225304436238206,,,-0.24459343260121535,,,blocks<8
Alaska_OOF,위도 2° 대역,62–64°N,1,189,10,60.01311835428218,17.40041292821327,stefan,17.139973038643653,12.98767556606191,19.952099295329194,4.058841658160597,-10.810694922791088,11.71783008178273,0.0,0.0,0.0,ok
Alaska_OOF,위도 2° 대역,62–64°N,1,189,10,60.01311835428218,17.40041292821327,stefan_ridge075,17.62039989161079,15.297754562477978,21.4046622859756,5.227603776257933,-7.345482421961653,17.802717626581757,0.4804268529671383,-2.319527506973294,7.494518074440868,ok
Alaska_OOF,위도 2° 대역,62–64°N,1,189,10,60.01311835428218,17.40041292821327,catboost_lo,18.50719920318089,8.99740810915395,23.89097708880632,-7.348616919737581,-16.292762065609075,8.159564789812821,1.3672261645372359,-4.179956676514079,3.944516508193291,ok
Alaska_OOF,위도 2° 대역,64–66°N,2,906,16,61.65445860439364,26.21425047136385,stefan,25.438719795470742,21.298641140355436,31.46315488735805,3.860212512157513,-1.6128834081287606,25.041843470599222,0.0,0.0,0.0,ok
Alaska_OOF,위도 2° 대역,64–66°N,2,906,16,61.65445860439364,26.21425047136385,stefan_ridge075,24.53781908756939,17.881408219846566,30.28940957487749,-3.232320492507968,-8.822714975143972,16.217395468482966,-0.9009007079013536,-7.347683944202577,1.0633660796799438,ok
Alaska_OOF,위도 2° 대역,64–66°N,2,906,16,61.65445860439364,26.21425047136385,catboost_lo,26.27816693181315,20.356342993276577,33.1080040216925,-5.534991018733023,-11.636517287139077,16.91780302705177,0.8394471363424074,-7.6604640460110005,3.4598008629861536,ok
Alaska_OOF,위도 2° 대역,66–68°N,3,328,8,39.560053158223894,11.012445980353785,stefan,19.131192101530292,18.154777623126154,20.129378631618646,16.02418232149686,14.605576375769813,17.81674288094927,0.0,0.0,0.0,ok
Alaska_OOF,위도 2° 대역,66–68°N,3,328,8,39.560053158223894,11.012445980353785,stefan_ridge075,11.334366646587752,9.537692432030784,13.198974113980215,4.0550758595532095,2.4078516273770223,5.603220273572906,-7.796825454942541,-9.757032761742831,-6.433530095887045,ok
Alaska_OOF,위도 2° 대역,66–68°N,3,328,8,39.560053158223894,11.012445980353785,catboost_lo,11.507315539059391,10.35451439870422,14.01779900303172,3.885839698648545,1.7939486249841168,7.725011363326996,-7.623876562470901,-9.40414069330333,-5.064414339675919,ok
Alaska_OOF,위도 2° 대역,68–70°N,4,3841,27,47.423643669136005,14.443021204958047,stefan,15.053799328102315,11.68848547126892,17.49673848782804,0.5326961147118798,-2.9775768582440882,4.224949564878552,0.0,0.0,0.0,ok
Alaska_OOF,위도 2° 대역,68–70°N,4,3841,27,47.423643669136005,14.443021204958047,stefan_ridge075,14.57095449291491,11.336835341117101,16.766037963592925,0.9280830376912897,-3.6143378709741314,4.4713982666138365,-0.4828448351874055,-2.498899750701614,-0.07296373514196752,ok
Alaska_OOF,위도 2° 대역,68–70°N,4,3841,27,47.423643669136005,14.443021204958047,catboost_lo,14.690893841645115,12.21186913850288,16.451734145109963,-1.726285224157099,-5.137917980958149,0.8375061936472354,-0.36290548645719944,-1.667941505848431,0.9913546854252757,ok
Alaska_OOF,위도 2° 대역,70–72°N,5,5125,9,40.940811114969506,11.748129962681931,stefan,12.635467567206772,9.959140182918693,27.653746593427886,-6.601367229087128,-15.778648142078522,3.776164786400734,0.0,0.0,0.0,ok
Alaska_OOF,위도 2° 대역,70–72°N,5,5125,9,40.940811114969506,11.748129962681931,stefan_ridge075,10.736405667969883,8.161068115666067,23.82562466387096,0.5749905594174957,-7.648512267897108,11.712482286471088,-1.899061899236889,-4.630908672500973,5.967473017833455,ok
Alaska_OOF,위도 2° 대역,70–72°N,5,5125,9,40.940811114969506,11.748129962681931,catboost_lo,17.453781671994143,7.608940560310175,23.985622243965377,12.483336916515727,-8.964394693486843,14.053996854781959,4.818314104787371,-5.139613181540016,6.097342751849342,ok
Alaska_OOF,전체,전체,0,13606,74,50.47190876722745,17.38191727365673,stefan,14.456724652001068,12.459594432088782,18.719868036776834,-0.9932706487608188,-3.9217551235133103,3.5895384427091046,0.0,0.0,0.0,ok
Alaska_OOF,전체,전체,0,13606,74,50.47190876722745,17.38191727365673,stefan_ridge075,13.329976140284538,11.10163380605077,17.588041460046952,0.6323949063886074,-1.7387680376261032,2.2853601516906914,-1.1267485117165297,-2.0236728962224273,-0.353390759552543,ok
Alaska_OOF,전체,전체,0,13606,74,50.47190876722745,17.38191727365673,catboost_lo,16.038445856947924,13.44558610006113,18.393088510366816,3.2177513357615797,-4.211114884515075,9.125172067866414,1.5817212049468559,-1.3243215870020446,3.743738344771065,ok
Lena,ALT 5분위,Q1 [2–29 cm],0,581,10,23.494492254733217,4.216940341496877,stefan,24.581808708776077,21.598146464179436,26.718561345071134,24.124239642702022,21.281193884280395,26.318156012806888,0.0,0.0,0.0,ok
Lena,ALT 5분위,Q1 [2–29 cm],0,581,10,23.494492254733217,4.216940341496877,stefan_cci,17.182166676927533,14.73710387625725,19.115855889781653,16.54275673581271,14.307081454228666,18.556161066515934,-7.399642031848543,-7.742795972616243,-6.470365805340131,ok
Lena,ALT 5분위,Q1 [2–29 cm],0,581,10,23.494492254733217,4.216940341496877,catboost_lo,30.40785290287977,28.255081229763952,32.45127459625404,29.942616823457136,27.955736473743876,31.947424729828956,5.8260441941036945,5.093965642575331,8.100963386160515,ok
Lena,ALT 5분위,Q2 [29–34 cm],1,597,12,31.650910106085988,1.615322076338747,stefan,15.977354561147573,14.98418710242098,17.123180404542275,15.834907061371972,14.864845703844663,17.03310251944993,0.0,0.0,0.0,ok
Lena,ALT 5분위,Q2 [29–34 cm],1,597,12,31.650910106085988,1.615322076338747,stefan_cci,8.908308535213523,7.073500201635798,9.626495088966232,8.555315105924986,6.614669577281358,9.388610804435658,-7.06904602593405,-7.968743062698851,-6.02529357434609,ok
Lena,ALT 5분위,Q2 [29–34 cm],1,597,12,31.650910106085988,1.615322076338747,catboost_lo,22.020192204855206,20.85483028867412,23.79335654219264,21.81467264274612,20.73550879284097,23.550883309274194,6.042837643707633,5.542726508958965,7.885222493892709,ok
Lena,ALT 5분위,Q3 [34–40 cm],2,588,13,37.25714285714287,1.7425375390016515,stefan,10.592071796659246,9.537873357044935,11.67327563887442,10.351415862113326,9.327845188739735,11.503858800267524,0.0,0.0,0.0,ok
Lena,ALT 5분위,Q3 [34–40 cm],2,588,13,37.25714285714287,1.7425375390016515,stefan_cci,4.063494197742341,2.649173637278746,4.434025812208607,3.2087011218479935,1.0064000531907575,3.8547176459726398,-6.528577598916905,-7.2861490969855245,-5.650084718674465,ok
Lena,ALT 5분위,Q3 [34–40 cm],2,588,13,37.25714285714287,1.7425375390016515,catboost_lo,16.58878318723775,15.534034566030048,18.00086811094697,16.28201964701708,15.36240910917086,17.565268311852307,5.996711390578502,5.377603435656607,7.9887925905057555,ok
Lena,ALT 5분위,Q4 [40–51 cm],3,600,14,45.089241666666666,2.9847035531071686,stefan,4.1441362872743355,3.00610881906646,4.747248644010816,2.5195197678299315,0.7384718334175847,3.471518923202949,0.0,0.0,0.0,ok
Lena,ALT 5분위,Q4 [40–51 cm],3,600,14,45.089241666666666,2.9847035531071686,stefan_cci,6.0632244088878515,5.404442981129974,7.935202129403713,-4.769527632297498,-7.267557646438924,-4.093080343807028,1.919088121613516,0.6642943119210847,4.838693192341235,ok
Lena,ALT 5분위,Q4 [40–51 cm],3,600,14,45.089241666666666,2.9847035531071686,catboost_lo,9.925340322165004,8.229745903656534,10.74827905669309,9.092289141331202,7.508996644766061,9.796366445980645,5.781204034890669,4.9144306530841915,7.4435277392754635,ok
Lena,ALT 5분위,Q5 [51–260 cm],4,592,17,72.06078265765765,28.025535308422445,stefan,36.83873450748847,20.958504602186014,58.52230056765384,-24.117110554598597,-42.24954603850539,-16.506091820195643,0.0,0.0,0.0,ok
Lena,ALT 5분위,Q5 [51–260 cm],4,592,17,72.06078265765765,28.025535308422445,stefan_cci,41.59564633061333,27.04120657630388,63.23755157112607,-31.077460080656987,-48.645474164625,-23.71379471447898,4.7569118231248595,4.4558500797492036,6.240817702161584,ok
Lena,ALT 5분위,Q5 [51–260 cm],4,592,17,72.06078265765765,28.025535308422445,catboost_lo,33.664161129057696,16.10964161969946,54.9160525659214,-18.072800816448886,-36.24774742024954,-8.317898328716886,-3.1745733784307717,-5.117155672289188,-2.825535478835444,ok
Lena,고도,<100 m,0,2947,20,41.996172944237074,21.000012608693165,stefan,21.646837847478267,15.394045506990269,35.62772203488513,5.655956344622272,-6.641058858704189,9.231114224761344,0.0,0.0,0.0,ok
Lena,고도,<100 m,0,2947,20,41.996172944237074,21.000012608693165,stefan_cci,20.791489499610915,13.650082936834313,37.06450620461178,-1.5892463765197304,-13.898652680066649,1.6594741172374032,-0.855348347867352,-2.5900517600152044,1.8328341589374062,ok
Lena,고도,<100 m,0,2947,20,41.996172944237074,21.000012608693165,catboost_lo,24.119013794955134,19.24758092518464,35.77240875717767,11.728508514259982,0.0494731025958389,15.723892767313822,2.4721759474768668,-0.010548459002530977,4.287913035702925,ok
Lena,고도,100–300 m,1,11,2,36.71818181818182,8.944456707096522,stefan,14.231820148991341,,,11.139485431394029,,,0.0,,,blocks<8
Lena,고도,100–300 m,1,11,2,36.71818181818182,8.944456707096522,stefan_cci,9.536112277758788,,,2.683378715203186,,,-4.695707871232553,,,blocks<8
Lena,고도,100–300 m,1,11,2,36.71818181818182,8.944456707096522,catboost_lo,19.449575111091338,,,16.928027684625818,,,5.217754962099997,,,blocks<8
Lena,MAAT,<−6 °C,0,2958,20,41.97654552625648,20.970486090438943,stefan,21.623974076906,15.315376229062176,35.33089716503873,5.676348102551443,-5.191987949047449,9.489580993145992,0.0,0.0,0.0,ok
Lena,MAAT,<−6 °C,0,2958,20,41.97654552625648,20.970486090438943,stefan_cci,20.76094055492512,13.86303233229748,36.354917855339394,-1.5733576422367852,-12.246226592944273,1.6910634832547755,-0.8630335219808778,-2.662439187896626,1.6601870825103913,ok
Lena,MAAT,<−6 °C,0,2958,20,41.97654552625648,20.970486090438943,catboost_lo,24.103325186835132,19.072845004745922,35.71878818075475,11.747844116313404,1.651545557288375,15.921782589647014,2.4793511099291337,0.24144056349659046,4.251464804249206,ok
Lena,SOC 0–5 cm 3분위,Q1 [87–98],0,546,10,42.45395604395605,18.605987163877927,stefan,19.672780101457967,14.613841431617624,33.2911848093875,6.0177695202688755,-15.800949809389186,7.670648547029258,0.0,0.0,0.0,ok
Lena,SOC 0–5 cm 3분위,Q1 [87–98],0,546,10,42.45395604395605,18.605987163877927,stefan_cci,18.62636230512735,13.342633501079696,36.673272423902894,-2.309302236800614,-23.59306806420582,-0.5209033353463495,-1.0464177963306156,-1.7802159026058317,3.4339438276182146,ok
Lena,SOC 0–5 cm 3분위,Q1 [87–98],0,546,10,42.45395604395605,18.605987163877927,catboost_lo,22.639081520725412,17.70139892424213,30.45161628093792,12.171051769445945,-8.91526184596317,13.891116830258133,2.9663014192674453,-3.021410858305511,3.712101636065765,ok
Lena,SOC 0–5 cm 3분위,Q2 [98–106],1,1081,9,41.59404717853838,19.363645392353277,stefan,19.808285184262324,13.317869288983525,43.06687818064285,5.347081133451343,-14.957094927401242,9.294047843407226,0.0,0.0,0.0,ok
Lena,SOC 0–5 cm 3분위,Q2 [98–106],1,1081,9,41.59404717853838,19.363645392353277,stefan_cci,19.00842545937187,10.941585359908725,45.67254110049156,-0.9706614323069696,-22.061216780183837,1.7516188003928705,-0.7998597248904531,-3.0951636177898094,1.888975615159838,ok
Lena,SOC 0–5 cm 3분위,Q2 [98–106],1,1081,9,41.59404717853838,19.363645392353277,catboost_lo,22.294381072444402,17.760829914854046,41.751528632414995,11.176338125160955,-9.929677384583501,15.152264413135809,2.486095888182078,-1.4764741579256135,4.584254241877425,ok
Lena,SOC 0–5 cm 3분위,Q3 [106–135],2,1331,15,42.09135737540696,23.03390145899799,stefan,23.701242167792167,17.528673655403136,37.76799886406617,5.803712114214472,-7.943780159258702,11.221975742369013,0.0,0.0,0.0,ok
Lena,SOC 0–5 cm 3분위,Q3 [106–135],2,1331,15,42.09135737540696,23.03390145899799,stefan_cci,22.849754119750674,16.042278648227505,40.025685261921524,-1.7609525740942458,-15.340853101200267,3.599455704293101,-0.8514880480414924,-3.1820826981862207,2.4922190723120248,ok
Lena,SOC 0–5 cm 3분위,Q3 [106–135],2,1331,15,42.09135737540696,23.03390145899799,catboost_lo,26.023311914953847,21.325786609689278,38.17380276770273,12.038397533161966,-0.000378905429944924,17.689038355545833,2.322069747161681,0.11468022172295728,4.758498866527276,ok
Lena,경사,<0.5°,0,612,16,37.839566993464054,18.41587474165737,stefan,20.953510607304718,17.552402478104813,23.666982664631693,9.966621821860715,1.9801847768936471,13.44871164557734,0.0,0.0,0.0,ok
Lena,경사,<0.5°,0,612,16,37.839566993464054,18.41587474165737,stefan_cci,18.493458483977417,14.443587089816818,23.586025368529665,2.4726778775020395,-5.374379125328368,5.700748586986919,-2.4600521233273014,-4.207584058042128,0.7007067080952829,ok
Lena,경사,<0.5°,0,612,16,37.839566993464054,18.41587474165737,catboost_lo,24.926444348762445,22.76639787319908,26.305020323264625,16.840583070806815,10.706400626423365,20.35241737356562,3.9729337414577266,2.145535331533399,5.685241848756666,ok
Lena,경사,0.5–2°,1,1217,15,41.59388386743358,25.245098699771507,stefan,25.79580113366206,15.328009315225433,45.47419359404394,6.092863145543735,-10.826812554883627,10.846039287763329,0.0,0.0,0.0,ok
Lena,경사,0.5–2°,1,1217,15,41.59388386743358,25.245098699771507,stefan_cci,24.85739474184744,12.756290594495015,46.95870128307889,-1.1960320674688336,-17.990484467076676,3.1810238786040093,-0.9384063918146204,-3.438502611043909,1.9036547815109957,ok
Lena,경사,0.5–2°,1,1217,15,41.59388386743358,25.245098699771507,catboost_lo,28.079485704505345,20.00679435577587,44.985971932791315,12.310844429873622,-4.045766290922313,17.084294765304058,2.2836845708432847,-0.5248039887497912,4.856470430846773,ok
Lena,경사,≥2°,2,1129,16,44.63157661647476,16.274718932906467,stefan,16.426316087702425,13.072596257702997,27.433295827530365,2.9017277982654424,-8.754561264192468,4.955621947389677,0.0,0.0,0.0,ok
Lena,경사,≥2°,2,1129,16,44.63157661647476,16.274718932906467,stefan_cci,16.668128824342148,12.498131603783149,29.682032090986073,-4.173339008554551,-16.120543105066073,-1.7977181024360247,0.24181273663972291,-0.6435916681451267,2.897966899498553,ok
Lena,경사,≥2°,2,1129,16,44.63157661647476,16.274718932906467,catboost_lo,18.314852768353617,16.343322659798122,27.297413657260318,8.380326293680323,-2.808891662060237,11.553293173508571,1.8885366806511925,-0.4378227646589789,3.4501371068189983,ok
Lena,위도 2° 대역,70–72°N,0,1171,5,41.10955024195844,12.60365986390089,stefan,13.7286743811869,,,5.500517609080418,,,0.0,,,blocks<8
Lena,위도 2° 대역,70–72°N,0,1171,5,41.10955024195844,12.60365986390089,stefan_cci,13.027090534165424,,,-1.1199731653327982,,,-0.7015838470214764,,,blocks<8
Lena,위도 2° 대역,70–72°N,0,1171,5,41.10955024195844,12.60365986390089,catboost_lo,18.10340798845464,,,12.956060471114668,,,4.374733607267741,,,blocks<8
Lena,위도 2° 대역,72–74°N,1,1787,15,42.544677299011376,24.960415178496756,stefan,25.504904123936132,19.20384802028247,52.871715623565755,5.791567748804699,-26.593380418854036,12.352096261526754,0.0,0.0,0.0,ok
Lena,위도 2° 대역,72–74°N,1,1787,15,42.544677299011376,24.960415178496756,stefan_cci,24.540803487136337,15.310450314762361,56.26022645965977,-1.8704551366153912,-33.25256453044214,4.005074675218066,-0.9641006367997953,-3.9824046326414493,3.507640835975913,ok
Lena,위도 2° 대역,72–74°N,1,1787,15,42.544677299011376,24.960415178496756,catboost_lo,27.329717128674375,22.928488966728878,50.581067052391994,10.956114205025056,-21.59253258592642,17.984950752553704,1.8248130047382425,-2.527105247212197,4.0265458501001445,ok
Lena,전체,전체,0,2958,20,41.97654552625648,20.970486090438943,stefan,21.623974076906,15.368467733222882,35.60036009722086,5.676348102551443,-5.892695540057156,9.369644242771185,0.0,0.0,0.0,ok
Lena,전체,전체,0,2958,20,41.97654552625648,20.970486090438943,stefan_cci,20.76094055492512,13.989143356479609,36.82370699810527,-1.5733576422367852,-13.32737542493952,1.7390021336796884,-0.8630335219808778,-2.6077731370881305,1.5405028247399795,ok
Lena,전체,전체,0,2958,20,41.97654552625648,20.970486090438943,catboost_lo,24.103325186835132,19.23177015076805,36.20770359762678,11.747844116313404,0.864667068712196,15.566260812756763,2.4793511099291337,0.19003712183716961,4.160659856891753,ok
Canada,ALT 5분위,Q1 [1–38 cm],0,150,10,30.673844444488882,5.606173921644285,stefan,30.99631325574562,25.656287516790393,37.93461113728681,29.898287005630074,24.398118755487907,34.01302925518753,0.0,0.0,0.0,ok
Canada,ALT 5분위,Q1 [1–38 cm],0,150,10,30.673844444488882,5.606173921644285,stefan_cci,29.985588913047902,23.046490175562198,45.2313821728636,27.796221372123327,21.286653989053782,35.79184077206794,-1.010724342697717,-3.3518076258572984,7.488314599840907,ok
Canada,ALT 5분위,Q1 [1–38 cm],0,150,10,30.673844444488882,5.606173921644285,catboost_lo,22.072357061068946,20.07471739838547,29.98343592510035,21.137242382624674,19.511732618937376,27.019152464898287,-8.923956194676673,-10.50013504583634,-4.215044603638719,ok
Canada,ALT 5분위,Q2 [38–48 cm],1,148,15,42.734419374733285,3.1556323538877553,stefan,18.575015438669034,16.17771944059662,22.641748245071067,17.550269096843927,15.094435821881206,21.45743819476836,0.0,0.0,0.0,ok
Canada,ALT 5분위,Q2 [38–48 cm],1,148,15,42.734419374733285,3.1556323538877553,stefan_cci,21.333307113861345,14.970697647809603,33.93176453191688,17.007249254972102,12.43642683411594,26.69430423159473,2.7582916751923108,-2.0146953180255722,11.749430236387896,ok
Canada,ALT 5분위,Q2 [38–48 cm],1,148,15,42.734419374733285,3.1556323538877553,catboost_lo,11.521049512125016,9.869103555297649,13.833676155964886,10.681596146245907,9.147863507713307,13.255878770073748,-7.053965926544018,-10.175445178009689,-4.110553659839246,ok
Canada,ALT 5분위,Q3 [48–61 cm],2,150,20,54.73648507929841,3.626713104731511,stefan,12.737060899233493,9.039357020837212,17.008213966178445,9.26491038715227,5.40834962650577,14.744289312571237,0.0,0.0,0.0,ok
Canada,ALT 5분위,Q3 [48–61 cm],2,150,20,54.73648507929841,3.626713104731511,stefan_cci,21.669452111419503,13.120437524314045,31.978026420197907,12.97754626700473,5.498398622447336,24.821635637080114,8.93239121218601,2.8237768972846817,15.779762123697623,ok
Canada,ALT 5분위,Q3 [48–61 cm],2,150,20,54.73648507929841,3.626713104731511,catboost_lo,6.2434160900763604,5.1251930644904915,7.683778878255921,0.8028363575313363,-1.7410979903286334,4.499286953419764,-6.493644809157132,-9.8109297634067,-3.4454177302557674,ok
Canada,ALT 5분위,Q4 [61–89 cm],3,147,19,73.180336473068,8.21759386099859,stefan,10.229838326489963,8.516114096847112,12.095024765920328,-5.2739806378621275,-8.44983887368835,-2.5937283730244713,0.0,0.0,0.0,ok
Canada,ALT 5분위,Q4 [61–89 cm],3,147,19,73.180336473068,8.21759386099859,stefan_cci,17.213525103512016,13.547531864070564,21.630839691094373,1.2272635194562198,-6.911515920006472,9.875326681789199,6.9836867770220525,3.3689298128090055,11.603698542887138,ok
Canada,ALT 5분위,Q4 [61–89 cm],3,147,19,73.180336473068,8.21759386099859,catboost_lo,17.73830081616114,15.895483885837217,19.70644028676879,-15.56614554013301,-17.74830514162664,-13.857662323692862,7.508462489671176,6.168878009860811,8.50701050026544,ok
Canada,ALT 5분위,Q5 [89–180 cm],4,152,14,111.46547492849263,19.21562807229336,stefan,43.66686799123131,31.796834963305088,47.29845214342435,-39.296912472139546,-42.575961706693285,-30.039990425643996,0.0,0.0,0.0,ok
Canada,ALT 5분위,Q5 [89–180 cm],4,152,14,111.46547492849263,19.21562807229336,stefan_cci,34.21176824445853,26.268392592625432,37.83184992399443,-26.845666596490464,-30.36807971248675,-21.439802570086655,-9.455099746772774,-11.315142316819136,-1.2436416899405196,ok
Canada,ALT 5분위,Q5 [89–180 cm],4,152,14,111.46547492849263,19.21562807229336,catboost_lo,55.174513269144,40.781137042941644,59.656564453246915,-51.56730528802448,-55.79379043372075,-39.57453315418904,11.507645277912694,7.239458678986287,12.483542649438519,ok
Canada,고도,<100 m,0,197,13,49.966915529374795,14.878130649002081,stefan,16.82823563385649,15.180919228657215,35.93722559994855,7.1275237353996586,-16.94766972624706,8.73289444817831,0.0,0.0,0.0,ok
Canada,고도,<100 m,0,197,13,49.966915529374795,14.878130649002081,stefan_cci,16.247942834922164,13.954264772837599,39.20107915639983,4.549339798664504,-19.243441764691305,5.836893644809904,-0.5802927989343267,-1.6032602795553226,4.441546261521445,ok
Canada,고도,<100 m,0,197,13,49.966915529374795,14.878130649002081,catboost_lo,15.376059625567919,13.690474227324993,33.76392582373066,2.3253005478544417,-19.936092254534394,6.734809506587014,-1.4521760082885713,-3.2876017865524636,-0.14531570399322347,ok
Canada,고도,100–300 m,1,521,21,68.76526705685224,32.804523648061874,stefan,29.426122210197537,21.13159829772156,35.064585629406,-0.5956058360343596,-16.118168086521482,14.756956993574793,0.0,0.0,0.0,ok
Canada,고도,100–300 m,1,521,21,68.76526705685224,32.804523648061874,stefan_cci,28.527064763449594,22.02187377436181,33.70683345819707,6.1944199679123155,-4.297101166115127,16.418128553461333,-0.8990574467479426,-4.68548552807054,5.82771562556791,ok
Canada,고도,100–300 m,1,521,21,68.76526705685224,32.804523648061874,catboost_lo,32.56209119901121,19.977558816073188,42.721116193005656,-11.615339941260215,-27.862952830864288,4.676829174235623,3.1359689888136764,-4.207266784821014,8.056465994548674,ok
Canada,고도,300–600 m,2,27,3,39.40315990593768,11.95760096175013,stefan,25.38991295305994,,,22.384776582480097,,,0.0,,,blocks<8
Canada,고도,300–600 m,2,27,3,39.40315990593768,11.95760096175013,stefan_cci,24.398253731140073,,,20.250067880100637,,,-0.9916592219198677,,,blocks<8
Canada,고도,300–600 m,2,27,3,39.40315990593768,11.95760096175013,catboost_lo,17.58371499422234,,,12.016199281798428,,,-7.8061979588376005,,,blocks<8
Canada,고도,>600 m,3,2,2,51.21666666666667,3.616666666666667,stefan,14.241482220257724,,,12.656541346257992,,,0.0,,,blocks<8
Canada,고도,>600 m,3,2,2,51.21666666666667,3.616666666666667,stefan_cci,32.093627019147135,,,31.369936958325937,,,17.852144798889412,,,blocks<8
Canada,고도,>600 m,3,2,2,51.21666666666667,3.616666666666667,catboost_lo,10.279686127455527,,,7.252381674606138,,,-3.9617960928021976,,,blocks<8
Canada,MAAT,<−6 °C,0,395,14,44.97849416233334,16.22191145545619,stefan,22.2227532101456,15.678251909333058,28.04871059044697,13.809659641718275,5.033466540155625,19.917406649927795,0.0,0.0,0.0,ok
Canada,MAAT,<−6 °C,0,395,14,44.97849416233334,16.22191145545619,stefan_cci,20.752370676285924,14.544573875110373,26.7665982195896,10.890519579894706,1.279745701309323,17.126179633008302,-1.4703825338596772,-1.9365846198363648,-0.25758113988911663,ok
Canada,MAAT,<−6 °C,0,395,14,44.97849416233334,16.22191145545619,catboost_lo,17.547437199538425,14.137755340287457,23.71849524177681,6.970109381870857,1.0086335919848564,10.531002436672821,-4.675316010607176,-7.398037578774016,-1.1434202736280215,ok
Canada,MAAT,−6~−2 °C,1,137,15,68.19226835691306,19.007500506490757,stefan,18.639021486288442,16.09202656097373,23.94975855363673,1.363282512381991,-5.350294434699989,7.500019743884444,0.0,0.0,0.0,ok
Canada,MAAT,−6~−2 °C,1,137,15,68.19226835691306,19.007500506490757,stefan_cci,20.56093315321968,18.342773164701956,25.53903170283668,5.594266360535741,0.7112503546678391,13.8917284816035,1.921911666931237,-0.4219169259112567,4.829420123872035,ok
Canada,MAAT,−6~−2 °C,1,137,15,68.19226835691306,19.007500506490757,catboost_lo,20.74643593822248,16.37326714140513,26.790804988140472,-9.64408851261736,-16.416134105446833,-4.150351813556314,2.107414451934037,-1.8066843954971206,4.828433715432863,ok
Canada,MAAT,>−2 °C,2,215,7,91.75655436131038,31.33028684939831,stefan,36.22057603250642,,,-18.22358919514298,,,0.0,,,blocks<8
Canada,MAAT,>−2 °C,2,215,7,91.75655436131038,31.33028684939831,stefan_cci,35.1804561245816,,,-1.5589082565265688,,,-1.0401199079248187,,,blocks<8
Canada,MAAT,>−2 °C,2,215,7,91.75655436131038,31.33028684939831,catboost_lo,44.56265431105415,,,-31.1000876145204,,,8.342078278547731,,,blocks<8
Canada,SOC 0–5 cm 3분위,Q1 [35–74],0,249,10,89.59128416028285,30.32847719054307,stefan,34.356203090449064,18.6838700030507,38.064988919800385,-16.34044288912522,-23.057088113417173,-2.7905030409161538,0.0,0.0,0.0,ok
Canada,SOC 0–5 cm 3분위,Q1 [35–74],0,249,10,89.59128416028285,30.32847719054307,stefan_cci,33.71370711636152,23.876340094542446,40.52561679239032,-0.6763045931771489,-9.286433319310682,18.82602334282318,-0.6424959740875451,-5.984666372434989,11.859775847206567,ok
Canada,SOC 0–5 cm 3분위,Q1 [35–74],0,249,10,89.59128416028285,30.32847719054307,catboost_lo,42.26262388594959,23.963776197002314,47.582242793000155,-28.772710578294447,-35.613013397785714,-14.887093597997227,7.906420795500523,3.2907041900137917,9.628964507071249,ok
Canada,SOC 0–5 cm 3분위,Q2 [74–138],1,237,22,55.44425277077249,17.955698627695874,stefan,16.99743367060744,14.511097141180363,23.434686792744767,5.0177308500744955,-4.509037578893475,7.212258200487768,0.0,0.0,0.0,ok
Canada,SOC 0–5 cm 3분위,Q2 [74–138],1,237,22,55.44425277077249,17.955698627695874,stefan_cci,17.127331673390785,14.445537704364485,24.88193312100498,4.725979760858635,-1.7658775569730052,6.103693851031075,0.12989800278334585,-1.1112402500823741,2.735787557674545,ok
Canada,SOC 0–5 cm 3분위,Q2 [74–138],1,237,22,55.44425277077249,17.955698627695874,catboost_lo,16.974500064363376,13.54343859704469,25.89285899604918,-2.000851884677686,-12.73296844307771,1.3939274019507875,-0.022933606244063043,-1.613027841824154,3.1979095449318375,ok
Canada,SOC 0–5 cm 3분위,Q3 [138–181],2,261,10,43.6321359544712,17.6498859896512,stefan,24.940732772060894,16.44487122493822,27.700504805042037,17.636328174880592,5.978287456617014,21.071437731784687,0.0,0.0,0.0,ok
Canada,SOC 0–5 cm 3분위,Q3 [138–181],2,261,10,43.6321359544712,17.6498859896512,stefan_cci,23.291107787418426,15.917429359787716,26.59505770580833,14.4879198876483,1.903192601303585,18.4447653134863,-1.6496249846424682,-2.241505751366322,0.6063008146563491,ok
Canada,SOC 0–5 cm 3분위,Q3 [138–181],2,261,10,43.6321359544712,17.6498859896512,catboost_lo,19.029303121397643,14.87031089576183,23.616560699620088,9.134256985258435,-0.3401353651471764,11.18893186975612,-5.911429650663251,-7.952522139711378,-0.5460958413865419,ok
Canada,경사,<0.5°,0,186,18,70.64513170304726,35.76921397451822,stefan,32.017198105744036,23.000459986535912,38.167289233667965,-3.0564006531314765,-20.245640160368428,14.74771916561174,0.0,0.0,0.0,ok
Canada,경사,<0.5°,0,186,18,70.64513170304726,35.76921397451822,stefan_cci,28.912949927608135,23.65531926074733,33.0309378855239,2.211599887069276,-9.22839046856525,15.142485097609008,-3.104248178135901,-5.929044430312038,2.2164500711060886,ok
Canada,경사,<0.5°,0,186,18,70.64513170304726,35.76921397451822,catboost_lo,35.8900856796249,22.03065478966323,46.42724745607676,-12.51622817077373,-31.673390558072924,6.722990484739083,3.872887573880867,-3.8350938763782314,8.403543960337043,ok
Canada,경사,0.5–2°,1,369,21,61.35897420222501,29.50056511821384,stefan,25.91091703134022,18.347276836472542,30.551404806117148,4.050532378782871,-9.655708894646295,15.748671678978072,0.0,0.0,0.0,ok
Canada,경사,0.5–2°,1,369,21,61.35897420222501,29.50056511821384,stefan_cci,25.671371105565374,18.8539566696345,31.395159220630074,8.720034048956741,0.21823213326359964,16.576963222597392,-0.2395459257748449,-3.230227591318619,5.8435139837181325,ok
Canada,경사,0.5–2°,1,369,21,61.35897420222501,29.50056511821384,catboost_lo,27.46500373249314,17.304603728578893,36.525614567830644,-5.770246603360533,-20.604171180664935,5.908258659172701,1.5540867011529222,-5.195216728413613,6.751072121593826,ok
Canada,경사,≥2°,2,192,21,57.57838109017018,22.550249065795114,stefan,21.204023791154047,16.95133071425558,31.210768937840818,4.152904476202527,-6.340441665950253,8.332386687851518,0.0,0.0,0.0,ok
Canada,경사,≥2°,2,192,21,57.57838109017018,22.550249065795114,stefan_cci,22.297643783683576,17.026381413317804,34.84082080847936,5.749762016868075,-1.4746624537054556,12.546485383916005,1.0936199925295291,-2.7744423174811814,7.56107954329156,ok
Canada,경사,≥2°,2,192,21,57.57838109017018,22.550249065795114,catboost_lo,21.604038004589082,15.067299092700441,34.77940772100081,-4.152741255768364,-15.24486399120879,0.6793450536346963,0.4000142134350355,-2.8764239182620357,4.356946115595644,ok
Canada,위도 2° 대역,60–62°N,0,231,8,90.72363284710707,30.781453600103653,stefan,35.24161456018043,18.18312036106339,38.439607924493764,-17.25896114791883,-23.76212102491161,-2.4782656668639103,0.0,0.0,0.0,ok
Canada,위도 2° 대역,60–62°N,0,231,8,90.72363284710707,30.781453600103653,stefan_cci,34.23414800990992,22.820953125764152,41.82064061028922,-1.7501707429894886,-9.886324323043727,20.705863887042312,-1.0074665502705074,-6.339994223087187,12.591338257165447,ok
Canada,위도 2° 대역,60–62°N,0,231,8,90.72363284710707,30.781453600103653,catboost_lo,43.322933151836196,23.847148235593025,48.23024058395103,-29.715244413660646,-36.39747510744329,-14.443872262438001,8.081318591655766,3.1681555943706377,9.801121153039743,ok
Canada,위도 2° 대역,62–64°N,1,116,9,66.91426967475523,19.12213407377618,stefan,18.81023732768142,16.02924240042714,26.343789849806253,2.274874069938755,-5.746610516072423,11.390100185413289,0.0,0.0,0.0,ok
Canada,위도 2° 대역,62–64°N,1,116,9,66.91426967475523,19.12213407377618,stefan_cci,20.783548398183303,18.313494215008266,26.99376475122822,6.97599199417106,2.3814786123406417,17.074828248497443,1.9733110705018824,-1.166521097853589,5.12015696188603,ok
Canada,위도 2° 대역,62–64°N,1,116,9,66.91426967475523,19.12213407377618,catboost_lo,20.737286831121352,15.429333852847776,28.881877707182024,-9.138627348884587,-17.65341246117241,-1.1377193129245,1.9270495034399318,-3.785928900765454,5.343943252082805,ok
Canada,위도 2° 대역,64–66°N,2,5,5,60.412952380952376,9.302549098946523,stefan,9.422029521109103,,,5.286591959252545,,,0.0,,,blocks<8
Canada,위도 2° 대역,64–66°N,2,5,5,60.412952380952376,9.302549098946523,stefan_cci,17.072443135687,,,13.0568194839743,,,7.6504136145778965,,,blocks<8
Canada,위도 2° 대역,64–66°N,2,5,5,60.412952380952376,9.302549098946523,catboost_lo,11.595846051735034,,,-5.890934502229068,,,2.173816530625931,,,blocks<8
Canada,위도 2° 대역,66–68°N,3,192,4,40.58015702756328,17.35936205972047,stefan,27.07942532926137,,,20.64954970877192,,,0.0,,,blocks<8
Canada,위도 2° 대역,66–68°N,3,192,4,40.58015702756328,17.35936205972047,stefan_cci,25.170339134808252,,,17.83261313045392,,,-1.909086194453117,,,blocks<8
Canada,위도 2° 대역,66–68°N,3,192,4,40.58015702756328,17.35936205972047,catboost_lo,20.182461229895658,,,10.916790698900591,,,-6.896964099365711,,,blocks<8
Canada,위도 2° 대역,68–70°N,4,199,6,49.31895415407714,14.359974286265729,stefan,16.450159411338042,,,7.678761994788961,,,0.0,,,blocks<8
Canada,위도 2° 대역,68–70°N,4,199,6,49.31895415407714,14.359974286265729,stefan_cci,15.49438592185403,,,4.67839652068667,,,-0.9557734894840113,,,blocks<8
Canada,위도 2° 대역,68–70°N,4,199,6,49.31895415407714,14.359974286265729,catboost_lo,15.05115025898742,,,3.052725205974644,,,-1.3990091523506223,,,blocks<8
Canada,위도 2° 대역,72–74°N,5,2,2,49.46527777777778,1.9097222222222214,stefan,13.010564647094048,,,-12.732012446380935,,,0.0,,,blocks<8
Canada,위도 2° 대역,72–74°N,5,2,2,49.46527777777778,1.9097222222222214,stefan_cci,17.623462588351792,,,-17.498645207446785,,,4.612897941257744,,,blocks<8
Canada,위도 2° 대역,72–74°N,5,2,2,49.46527777777778,1.9097222222222214,catboost_lo,4.214978986870647,,,0.30735825686076623,,,-8.795585660223402,,,blocks<8
Canada,위도 2° 대역,80–82°N,6,2,2,55.21666666666667,3.883333333333333,stefan,26.13878924185848,,,-23.65394858752476,,,0.0,,,blocks<8
Canada,위도 2° 대역,80–82°N,6,2,2,55.21666666666667,3.883333333333333,stefan_cci,29.982736610832173,,,-28.535307531728282,,,3.8439473689736943,,,blocks<8
Canada,위도 2° 대역,80–82°N,6,2,2,55.21666666666667,3.883333333333333,catboost_lo,7.306272218636389,,,-2.469849832849839,,,-18.83251702322209,,,blocks<8
Canada,전체,전체,0,747,36,62.69947141459237,30.042041525118737,stefan,26.50381058079329,19.262135661712108,32.23118460549484,2.307247102703225,-10.219472706041051,12.890545296922634,0.0,0.0,0.0,ok
Canada,전체,전체,0,747,36,62.69947141459237,30.042041525118737,stefan_cci,25.7192633059778,19.500830147230708,31.52855170916704,6.3360166670663896,-1.7258047515109134,13.694222124569384,-0.7845472748154876,-3.834230630625889,4.659951307697397,ok
Canada,전체,전체,0,747,36,62.69947141459237,30.042041525118737,catboost_lo,28.51866490320412,17.862094916931124,38.229292806994266,-7.034224574981898,-20.65750577648543,4.372787603459568,2.01485432241083,-4.0353995201175055,6.430265837390685,ok
Russia_W,ALT 5분위,Q1 [32–65 cm],0,6,6,50.84204314204314,10.43661869970998,stefan,11.116481707812982,,,1.3296885823115219,,,0.0,,,blocks<8
Russia_W,ALT 5분위,Q1 [32–65 cm],0,6,6,50.84204314204314,10.43661869970998,stefan_cci,12.581178311751295,,,0.9771556719977964,,,1.4646966039383127,,,blocks<8
Russia_W,ALT 5분위,Q1 [32–65 cm],0,6,6,50.84204314204314,10.43661869970998,catboost_lo,10.38699446330009,,,-0.885717651950257,,,-0.7294872445128924,,,blocks<8
Russia_W,ALT 5분위,Q2 [65–82 cm],1,5,3,72.65416666666667,4.885984775070656,stefan,18.258606071683985,,,-16.912554080567965,,,0.0,,,blocks<8
Russia_W,ALT 5분위,Q2 [65–82 cm],1,5,3,72.65416666666667,4.885984775070656,stefan_cci,18.512834845849635,,,-10.483360755087043,,,0.25422877416565015,,,blocks<8
Russia_W,ALT 5분위,Q2 [65–82 cm],1,5,3,72.65416666666667,4.885984775070656,catboost_lo,24.868545878511455,,,-24.423743129444524,,,6.6099398068274695,,,blocks<8
Russia_W,ALT 5분위,Q3 [82–93 cm],2,6,6,87.614144786267,4.056587523482883,stefan,29.95625315382297,,,-29.465349273418795,,,0.0,,,blocks<8
Russia_W,ALT 5분위,Q3 [82–93 cm],2,6,6,87.614144786267,4.056587523482883,stefan_cci,29.91327795925812,,,-29.37308004528479,,,-0.04297519456484977,,,blocks<8
Russia_W,ALT 5분위,Q3 [82–93 cm],2,6,6,87.614144786267,4.056587523482883,catboost_lo,36.6438592894107,,,-36.33636799387363,,,6.687606135587728,,,blocks<8
Russia_W,ALT 5분위,Q4 [93–110 cm],3,5,5,99.12726536168006,4.843593093954854,stefan,43.161034344491206,,,-42.910553129917986,,,0.0,,,blocks<8
Russia_W,ALT 5분위,Q4 [93–110 cm],3,5,5,99.12726536168006,4.843593093954854,stefan_cci,39.21780567020446,,,-34.05890863544746,,,-3.9432286742867433,,,blocks<8
Russia_W,ALT 5분위,Q4 [93–110 cm],3,5,5,99.12726536168006,4.843593093954854,catboost_lo,50.74949565220966,,,-50.60200564958923,,,7.588461307718454,,,blocks<8
Russia_W,ALT 5분위,Q5 [110–163 cm],4,6,6,126.97840038314176,18.46340250719053,stefan,74.56845527366704,,,-73.05304757245396,,,0.0,,,blocks<8
Russia_W,ALT 5분위,Q5 [110–163 cm],4,6,6,126.97840038314176,18.46340250719053,stefan_cci,73.45122826383368,,,-72.21572378706298,,,-1.117227009833357,,,blocks<8
Russia_W,ALT 5분위,Q5 [110–163 cm],4,6,6,126.97840038314176,18.46340250719053,catboost_lo,76.6936701904734,,,-74.31608804001887,,,2.1252149168063568,,,blocks<8
Russia_W,고도,<100 m,0,25,16,84.91686838859513,27.62079082171844,stefan,40.4402749201738,30.666089001516735,51.37174070032648,-30.0099035195761,-40.592938754613826,-19.93638844461026,0.0,0.0,0.0,ok
Russia_W,고도,<100 m,0,25,16,84.91686838859513,27.62079082171844,stefan_cci,39.707243497020485,30.006112967497348,49.62302786032587,-27.13138590830925,-37.886768345099284,-15.80151060493642,-0.7330314231533137,-3.282858754249898,1.2250269473216462,ok
Russia_W,고도,<100 m,0,25,16,84.91686838859513,27.62079082171844,catboost_lo,43.412630875634434,34.18528258399911,54.80728386113743,-34.3804402715367,-45.26875615009163,-24.890054662214755,2.9723559554606354,0.14098954181123988,5.770114756319134,ok
Russia_W,고도,100–300 m,1,3,3,109.53099343185549,22.589456177186705,stefan,56.522292826863705,,,-52.0000658814649,,,0.0,,,blocks<8
Russia_W,고도,100–300 m,1,3,3,109.53099343185549,22.589456177186705,stefan_cci,53.77798837647411,,,-49.36552940234704,,,-2.744304450389592,,,blocks<8
Russia_W,고도,100–300 m,1,3,3,109.53099343185549,22.589456177186705,catboost_lo,65.44425917285476,,,-61.61559307393593,,,8.921966345991052,,,blocks<8
Russia_W,MAAT,<−6 °C,0,8,6,77.84179197994987,25.104711350466072,stefan,36.912567599408256,,,-27.498657521664,,,0.0,,,blocks<8
Russia_W,MAAT,<−6 °C,0,8,6,77.84179197994987,25.104711350466072,stefan_cci,36.142824826628605,,,-24.73272475080694,,,-0.7697427727796509,,,blocks<8
Russia_W,MAAT,<−6 °C,0,8,6,77.84179197994987,25.104711350466072,catboost_lo,37.15884083755131,,,-27.106486674070982,,,0.24627323814305413,,,blocks<8
Russia_W,MAAT,−6~−2 °C,1,20,12,91.4390177085423,28.39711573914345,stefan,44.47999745697557,32.07156515442171,56.87358381711058,-34.31292627302425,-47.07104114845365,-24.04241152887958,0.0,0.0,0.0,ok
Russia_W,MAAT,−6~−2 °C,1,20,12,91.4390177085423,28.39711573914345,stefan_cci,43.38341587701777,32.111596454586035,54.75995554411078,-31.42597189541585,-44.49370096442542,-19.77292547016782,-1.0965815799577996,-2.4419332406772023,0.2699523523770137,ok
Russia_W,MAAT,−6~−2 °C,1,20,12,91.4390177085423,28.39711573914345,catboost_lo,49.45656202443201,37.825865237704896,62.02708460831309,-41.37529463088286,-54.193827613270535,-32.15292538856601,4.9765645674564425,3.11575742112071,7.732418407263023,ok
Russia_W,SOC 0–5 cm 3분위,Q1 [178–224],0,9,6,93.60374658803495,34.484158877547856,stefan,48.36112521606104,,,-35.46997843185179,,,0.0,,,blocks<8
Russia_W,SOC 0–5 cm 3분위,Q1 [178–224],0,9,6,93.60374658803495,34.484158877547856,stefan_cci,47.07616041956725,,,-31.8368623827868,,,-1.2849647964937887,,,blocks<8
Russia_W,SOC 0–5 cm 3분위,Q1 [178–224],0,9,6,93.60374658803495,34.484158877547856,catboost_lo,52.56714572073315,,,-41.261516389182646,,,4.206020504672111,,,blocks<8
Russia_W,SOC 0–5 cm 3분위,Q2 [224–242],1,9,6,75.4266982910661,18.707845389707014,stefan,29.130145209888212,,,-21.694646761561774,,,0.0,,,blocks<8
Russia_W,SOC 0–5 cm 3분위,Q2 [224–242],1,9,6,75.4266982910661,18.707845389707014,stefan_cci,29.770354151524486,,,-21.58289504523484,,,0.6402089416362742,,,blocks<8
Russia_W,SOC 0–5 cm 3분위,Q2 [224–242],1,9,6,75.4266982910661,18.707845389707014,catboost_lo,31.690819627778748,,,-26.071067648562575,,,2.560674417890535,,,blocks<8
Russia_W,SOC 0–5 cm 3분위,Q3 [242–269],2,10,8,93.02406860985354,25.341385847442464,stefan,46.67272278395997,34.0378019862874,57.682572019989344,-39.1766158893075,-51.189655150390124,-26.395662999018587,0.0,0.0,0.0,ok
Russia_W,SOC 0–5 cm 3분위,Q3 [242–269],2,10,8,93.02406860985354,25.341385847442464,stefan_cci,44.91202061736729,30.644602187295654,55.379564905187095,-34.56034190625777,-48.41799545479358,-18.12472285860834,-1.7607021665926794,-7.880046295684685,2.0192798609820155,ok
Russia_W,SOC 0–5 cm 3분위,Q3 [242–269],2,10,8,93.02406860985354,25.341385847442464,catboost_lo,51.04581319119793,38.39088242505313,65.37346525379672,-43.83645296705183,-59.18421544572781,-31.183782201031327,4.37309040723796,-1.6914597868808923,10.056093856938606,ok
Russia_W,경사,<0.5°,0,9,9,90.0697519959944,20.89614172363069,stefan,39.42231834896053,28.446418307973076,49.73865179122549,-34.46587839316309,-47.204997487336264,-21.892372499908063,0.0,0.0,0.0,ok
Russia_W,경사,<0.5°,0,9,9,90.0697519959944,20.89614172363069,stefan_cci,39.17473398656599,28.408803391896466,49.18049156697504,-33.5900371624878,-46.65265473132803,-20.558850869243713,-0.24758436239454085,-1.911105789170776,1.399620404904907,ok
Russia_W,경사,<0.5°,0,9,9,90.0697519959944,20.89614172363069,catboost_lo,42.22220099524219,31.33418005391676,51.66542286355812,-37.18664580169128,-49.7827832312065,-23.474514223976676,2.7998826462816595,-0.7627776628621855,6.737085543986438,ok
Russia_W,경사,0.5–2°,1,15,10,85.36167989417989,34.63351464758122,stefan,46.1888131657648,30.720484980946956,64.44872886818536,-31.146841605934036,-50.431035062703906,-16.01548298293998,0.0,0.0,0.0,ok
Russia_W,경사,0.5–2°,1,15,10,85.36167989417989,34.63351464758122,stefan_cci,45.48731218051422,30.45929869880347,62.748958188519815,-28.774260953507483,-49.202556220567395,-12.494274401434643,-0.7015009852505756,-2.602242764538489,1.4142592407363272,ok
Russia_W,경사,0.5–2°,1,15,10,85.36167989417989,34.63351464758122,catboost_lo,49.25817793200426,33.30219065500113,67.92169731697564,-36.02081122506145,-55.559685095748385,-21.439121456102338,3.0693647662394596,-0.9341288233505496,6.321793891685947,ok
Russia_W,경사,≥2°,2,4,4,90.11543090844928,6.104025924966931,stefan,33.47213418915838,,,-32.21306400157972,,,0.0,,,blocks<8
Russia_W,경사,≥2°,2,4,4,90.11543090844928,6.104025924966931,stefan_cci,28.48014293931477,,,-23.114246787442482,,,-4.991991249843611,,,blocks<8
Russia_W,경사,≥2°,2,4,4,90.11543090844928,6.104025924966931,catboost_lo,43.374290930789336,,,-42.341451354770534,,,9.902156741630954,,,blocks<8
Russia_W,위도 2° 대역,64–66°N,0,1,1,118.33333333333331,0.0,stefan,54.943712236212555,,,-54.943712236212555,,,0.0,,,blocks<8
Russia_W,위도 2° 대역,64–66°N,0,1,1,118.33333333333331,0.0,stefan_cci,56.13852278477293,,,-56.13852278477293,,,1.1948105485603762,,,blocks<8
Russia_W,위도 2° 대역,64–66°N,0,1,1,118.33333333333331,0.0,catboost_lo,58.57815397450896,,,-58.57815397450896,,,3.6344417382964025,,,blocks<8
Russia_W,위도 2° 대역,66–68°N,1,12,8,91.58776658320268,31.12497271117078,stefan,44.559779740921925,23.627407267888376,62.215351877579266,-31.861057506006745,-51.75280244207676,-16.98537140701409,0.0,0.0,0.0,ok
Russia_W,위도 2° 대역,66–68°N,1,12,8,91.58776658320268,31.12497271117078,stefan_cci,42.96649838057746,24.050213288419172,59.102237293097005,-27.282745123624903,-47.74150239561942,-11.6074507971064,-1.5932813603444629,-3.4182352411255774,0.7381119418383044,ok
Russia_W,위도 2° 대역,66–68°N,1,12,8,91.58776658320268,31.12497271117078,catboost_lo,51.157966692505994,32.06918409986584,69.13447023081116,-41.3465506069564,-59.940501806316796,-26.59615018437472,6.5981869515840685,4.897277685564455,9.662577455570514,ok
Russia_W,위도 2° 대역,68–70°N,2,3,3,100.89086509376891,8.088880729398054,stefan,48.69585987697522,,,-47.07504033361939,,,0.0,,,blocks<8
Russia_W,위도 2° 대역,68–70°N,2,3,3,100.89086509376891,8.088880729398054,stefan_cci,41.2258616964298,,,-31.34961887173451,,,-7.469998180545417,,,blocks<8
Russia_W,위도 2° 대역,68–70°N,2,3,3,100.89086509376891,8.088880729398054,catboost_lo,54.13094892637827,,,-53.64786943462962,,,5.435089049403047,,,blocks<8
Russia_W,위도 2° 대역,70–72°N,3,10,5,76.39222290640393,24.25367471760632,stefan,33.916988049068564,,,-24.48633468057942,,,0.0,,,blocks<8
Russia_W,위도 2° 대역,70–72°N,3,10,5,76.39222290640393,24.25367471760632,stefan_cci,34.20330099056176,,,-25.479279136814434,,,0.2863129414931933,,,blocks<8
Russia_W,위도 2° 대역,70–72°N,3,10,5,76.39222290640393,24.25367471760632,catboost_lo,36.15206675440818,,,-26.919147759550317,,,2.2350787053396175,,,blocks<8
Russia_W,위도 2° 대역,72–74°N,4,2,1,83.76666666666667,28.033333333333335,stefan,50.03261135503563,,,-41.441457759425674,,,0.0,,,blocks<8
Russia_W,위도 2° 대역,72–74°N,4,2,1,83.76666666666667,28.033333333333335,stefan_cci,54.72887360840199,,,-47.00406183157645,,,4.696262253366363,,,blocks<8
Russia_W,위도 2° 대역,72–74°N,4,2,1,83.76666666666667,28.033333333333335,catboost_lo,40.42287203484736,,,-29.742969426423723,,,-9.609739320188268,,,blocks<8
Russia_W,전체,전체,0,28,18,87.55409607180162,28.17444322597359,stefan,42.45573520473923,32.68284045404897,51.712998669274356,-32.36599234406418,-41.71385042469443,-23.626979626322374,0.0,0.0,0.0,ok
Russia_W,전체,전체,0,28,18,87.55409607180162,28.17444322597359,stefan_cci,41.44395775138159,31.551485756788523,50.28576017428893,-29.513615568384733,-38.92706826899036,-19.077313270798108,-1.011777453357638,-3.3970373480868963,0.8644536581253566,ok
Russia_W,전체,전체,0,28,18,87.55409607180162,28.17444322597359,catboost_lo,46.27760418104666,36.90911245000649,56.06424880523213,-37.29849235750805,-47.0060453882824,-29.095357637723726,3.821868976307435,1.0447188251546498,6.417368787677156,ok
Russia_E,ALT 5분위,Q1 [30–44 cm],0,6,6,38.511769005847945,4.33737278590917,stefan,9.628221523309517,,,8.49814639131005,,,0.0,,,blocks<8
Russia_E,ALT 5분위,Q1 [30–44 cm],0,6,6,38.511769005847945,4.33737278590917,stefan_cci,5.027508567097031,,,0.5265221532209564,,,-4.600712956212486,,,blocks<8
Russia_E,ALT 5분위,Q1 [30–44 cm],0,6,6,38.511769005847945,4.33737278590917,catboost_lo,16.485133755919662,,,15.811440054818584,,,6.856912232610146,,,blocks<8
Russia_E,ALT 5분위,Q2 [44–50 cm],1,5,5,46.1596955624355,1.4054803391481567,stefan,8.261682046892226,,,5.809353815215952,,,0.0,,,blocks<8
Russia_E,ALT 5분위,Q2 [44–50 cm],1,5,5,46.1596955624355,1.4054803391481567,stefan_cci,5.958040169304374,,,2.36482889750839,,,-2.303641877587852,,,blocks<8
Russia_E,ALT 5분위,Q2 [44–50 cm],1,5,5,46.1596955624355,1.4054803391481567,catboost_lo,9.064234397539064,,,7.624904748413785,,,0.8025523506468382,,,blocks<8
Russia_E,ALT 5분위,Q3 [50–55 cm],2,5,5,52.591917759659694,1.464868623597888,stefan,3.5274115277146127,,,0.0798315784809219,,,0.0,,,blocks<8
Russia_E,ALT 5분위,Q3 [50–55 cm],2,5,5,52.591917759659694,1.464868623597888,stefan_cci,9.30976697083954,,,-7.0960428617075495,,,5.782355443124928,,,blocks<8
Russia_E,ALT 5분위,Q3 [50–55 cm],2,5,5,52.591917759659694,1.464868623597888,catboost_lo,1.726788522508268,,,-0.6241454444816583,,,-1.8006230052063448,,,blocks<8
Russia_E,ALT 5분위,Q4 [55–77 cm],3,5,4,59.326691086691085,6.942715592539071,stefan,8.357094041434566,,,-3.3391592007168756,,,0.0,,,blocks<8
Russia_E,ALT 5분위,Q4 [55–77 cm],3,5,4,59.326691086691085,6.942715592539071,stefan_cci,8.44718352575661,,,0.1870749325899638,,,0.09008948432204456,,,blocks<8
Russia_E,ALT 5분위,Q4 [55–77 cm],3,5,4,59.326691086691085,6.942715592539071,catboost_lo,12.618421992444883,,,-8.514554416243135,,,4.261327951010317,,,blocks<8
Russia_E,ALT 5분위,Q5 [77–153 cm],4,6,3,108.83136924803591,26.215969062357832,stefan,58.50379483490161,,,-52.41395752003181,,,0.0,,,blocks<8
Russia_E,ALT 5분위,Q5 [77–153 cm],4,6,3,108.83136924803591,26.215969062357832,stefan_cci,57.0568355198887,,,-51.655997480306645,,,-1.4469593150129114,,,blocks<8
Russia_E,ALT 5분위,Q5 [77–153 cm],4,6,3,108.83136924803591,26.215969062357832,catboost_lo,61.03949251320139,,,-55.15156746598124,,,2.535697678299776,,,blocks<8
Russia_E,고도,<100 m,0,24,16,63.05965322628805,30.57038239735114,stefan,30.127378424455394,9.192876898723537,44.49360429515815,-9.949871910699374,-25.604941572611153,5.000349215380129,0.0,0.0,0.0,ok
Russia_E,고도,<100 m,0,24,16,63.05965322628805,30.57038239735114,stefan_cci,29.296336880318194,9.228905801584693,42.05447695728865,-13.663095949510764,-27.337722697933298,-0.7573247484187301,-0.8310415441372001,-2.4716930670695825,2.772366021186859,ok
Russia_E,고도,<100 m,0,24,16,63.05965322628805,30.57038239735114,catboost_lo,32.39164122481665,12.55987068328428,47.020041053972356,-9.925671583323297,-27.194711354234705,7.6884679224781,2.2642628003612586,1.3782830333669076,4.159856643401535,ok
Russia_E,고도,100–300 m,1,1,1,56.142857142857146,0.0,stefan,1.5591210949056133,,,-1.5591210949056133,,,0.0,,,blocks<8
Russia_E,고도,100–300 m,1,1,1,56.142857142857146,0.0,stefan_cci,3.9490101181791673,,,3.9490101181791673,,,2.389889023273554,,,blocks<8
Russia_E,고도,100–300 m,1,1,1,56.142857142857146,0.0,catboost_lo,5.070511119140157,,,-5.070511119140157,,,3.5113900242345437,,,blocks<8
Russia_E,고도,>600 m,3,2,2,52.437908496732035,3.6732026143790897,stefan,5.4235587180475795,,,-5.194344427870011,,,0.0,,,blocks<8
Russia_E,고도,>600 m,3,2,2,52.437908496732035,3.6732026143790897,stefan_cci,4.357252937372154,,,-2.7661272252404743,,,-1.0663057806754255,,,blocks<8
Russia_E,고도,>600 m,3,2,2,52.437908496732035,3.6732026143790897,catboost_lo,0.4225408780969097,,,-0.16155545481585776,,,-5.00101783995067,,,blocks<8
Russia_E,MAAT,<−6 °C,0,21,14,64.8187127501664,32.26849380918289,stefan,32.08908814494037,9.09520115851597,48.4530465884555,-12.373079404616027,-29.817588386803717,5.158132317834741,0.0,0.0,0.0,ok
Russia_E,MAAT,<−6 °C,0,21,14,64.8187127501664,32.26849380918289,stefan_cci,31.131264244985815,7.952550249611638,45.60786253833032,-16.814943805430172,-31.09346850051309,-2.871348225222342,-0.9578238999545547,-2.8045767065399656,2.593211184684014,ok
Russia_E,MAAT,<−6 °C,0,21,14,64.8187127501664,32.26849380918289,catboost_lo,34.56797325093127,13.032115040554126,50.87164136004064,-11.453322440403783,-29.36271188466651,9.640643223150846,2.478885105990898,1.8348791589887061,4.83256620092207,ok
Russia_E,MAAT,−6~−2 °C,1,6,5,52.20956396895676,3.9143385207054457,stefan,6.071436362237028,,,1.5149886149176623,,,0.0,,,blocks<8
Russia_E,MAAT,−6~−2 °C,1,6,5,52.20956396895676,3.9143385207054457,stefan_cci,7.069967166854353,,,3.9360454655789225,,,0.9985308046173245,,,blocks<8
Russia_E,MAAT,−6~−2 °C,1,6,5,52.20956396895676,3.9143385207054457,catboost_lo,4.348735564723572,,,-0.5149947966752654,,,-1.7227007975134558,,,blocks<8
Russia_E,SOC 0–5 cm 3분위,Q1 [78–111],0,9,8,47.68805374001453,11.653653159486842,stefan,8.921108599042986,5.629058550176144,11.888744487074778,0.3992974334522697,-6.153433434603715,5.709219874293986,0.0,0.0,0.0,ok
Russia_E,SOC 0–5 cm 3분위,Q1 [78–111],0,9,8,47.68805374001453,11.653653159486842,stefan_cci,7.010326240316125,3.881463377807311,9.448906551437632,-3.922155931058905,-7.610936438541504,-0.14237549002916217,-1.9107823587268609,-4.992079954063918,1.9592566867809955,ok
Russia_E,SOC 0–5 cm 3분위,Q1 [78–111],0,9,8,47.68805374001453,11.653653159486842,catboost_lo,15.019883842335554,8.933974662614926,19.76581634672254,5.474431306403471,-5.326025820655329,13.287097126721838,6.098775243292568,3.0775030078143835,8.235927202055315,ok
Russia_E,SOC 0–5 cm 3분위,Q2 [111–126],1,9,8,56.64937033942882,19.385015238606044,stefan,17.730284246436188,4.760554492784115,26.604277795364144,-3.920643610155138,-16.90361037795188,7.083766192558254,0.0,0.0,0.0,ok
Russia_E,SOC 0–5 cm 3분위,Q2 [111–126],1,9,8,56.64937033942882,19.385015238606044,stefan_cci,16.20652023782919,5.369027778096394,23.715691762481843,-7.096118213059665,-17.103130644474806,3.215270931143805,-1.5237640086069995,-3.3044633833064863,3.8815049714657706,ok
Russia_E,SOC 0–5 cm 3분위,Q2 [111–126],1,9,8,56.64937033942882,19.385015238606044,catboost_lo,19.562658570358117,5.6043407754085655,28.656564045291407,-3.909444490435627,-18.295061460291073,9.172074734805568,1.832374323921929,-0.37149102023766745,5.443226973854553,ok
Russia_E,SOC 0–5 cm 3분위,Q3 [126–147],2,9,6,81.71261498358272,37.26415241280023,stefan,45.091921857954524,,,-24.33918002412275,,,0.0,,,blocks<8
Russia_E,SOC 0–5 cm 3분위,Q3 [126–147],2,9,6,81.71261498358272,37.26415241280023,stefan_cci,44.529653974530376,,,-25.592564424832556,,,-0.5622678834241484,,,blocks<8
Russia_E,SOC 0–5 cm 3분위,Q3 [126–147],2,9,6,81.71261498358272,37.26415241280023,catboost_lo,46.824327230726645,,,-28.63273570802684,,,1.7324053727721207,,,blocks<8
Russia_E,경사,<0.5°,0,6,6,49.38700716845878,18.66579169769049,stefan,14.892410159933606,,,-0.29749936103013336,,,0.0,,,blocks<8
Russia_E,경사,<0.5°,0,6,6,49.38700716845878,18.66579169769049,stefan_cci,16.096917360100992,,,-7.642253137587882,,,1.2045072001673862,,,blocks<8
Russia_E,경사,<0.5°,0,6,6,49.38700716845878,18.66579169769049,catboost_lo,19.492086039293277,,,6.098584064676416,,,4.599675879359671,,,blocks<8
Russia_E,경사,0.5–2°,1,10,9,61.73657855044852,28.827271839397916,stefan,28.772710745072988,7.362850877049502,45.56414138043669,-7.7413235541980585,-26.35857880068129,6.930818433287367,0.0,0.0,0.0,ok
Russia_E,경사,0.5–2°,1,10,9,61.73657855044852,28.827271839397916,stefan_cci,28.92746715466297,6.531657877437616,44.33476929650457,-10.658951128617236,-28.127388288661326,4.201820890828915,0.15475640958998227,-2.487000854850384,3.780593028927796,ok
Russia_E,경사,0.5–2°,1,10,9,61.73657855044852,28.827271839397916,catboost_lo,31.179148376114114,7.61826551245523,49.517433010896724,-9.040061745390094,-29.507549297134602,7.165281717625532,2.4064376310411255,-0.7783008753931818,4.124873355165595,ok
Russia_E,경사,≥2°,2,11,8,69.16022936836335,31.305680226338588,stefan,33.351683964608576,5.751358444553437,50.171454192510154,-15.5951367362972,-34.669294818530815,2.4144359934096866,0.0,0.0,0.0,ok
Russia_E,경사,≥2°,2,11,8,69.16022936836335,31.305680226338588,stefan_cci,31.231578493173153,6.729712186292866,46.92585213510095,-16.095865182623683,-33.01267227554026,-0.06935301608101488,-2.120105471435423,-3.323716140936046,3.2524902811040426,ok
Russia_E,경사,≥2°,2,11,8,69.16022936836335,31.305680226338588,catboost_lo,34.64923957018627,5.795098611628395,51.23012800309856,-17.254602451153502,-36.29862134858716,3.3442949894989877,1.297555605577692,-0.6847435490773409,5.157947456117867,ok
Russia_E,위도 2° 대역,54–56°N,0,2,2,52.437908496732035,3.6732026143790897,stefan,5.4235587180475795,,,-5.194344427870011,,,0.0,,,blocks<8
Russia_E,위도 2° 대역,54–56°N,0,2,2,52.437908496732035,3.6732026143790897,stefan_cci,4.357252937372154,,,-2.7661272252404743,,,-1.0663057806754255,,,blocks<8
Russia_E,위도 2° 대역,54–56°N,0,2,2,52.437908496732035,3.6732026143790897,catboost_lo,0.4225408780969097,,,-0.16155545481585776,,,-5.00101783995067,,,blocks<8
Russia_E,위도 2° 대역,64–66°N,1,4,3,52.095391705069126,4.024643393066443,stefan,6.370715396796975,,,4.869655136311499,,,0.0,,,blocks<8
Russia_E,위도 2° 대역,64–66°N,1,4,3,52.095391705069126,4.024643393066443,stefan_cci,8.092207797040231,,,7.287131810988621,,,1.721492400243256,,,blocks<8
Russia_E,위도 2° 대역,64–66°N,1,4,3,52.095391705069126,4.024643393066443,catboost_lo,5.317704497337739,,,-0.6917144676049691,,,-1.0530108994592364,,,blocks<8
Russia_E,위도 2° 대역,68–70°N,2,16,10,72.68185215126005,33.120503721494146,stefan,36.48160041344309,9.724996387247494,53.752164364874304,-18.316084596876777,-38.79297207278545,3.0634454108851656,0.0,0.0,0.0,ok
Russia_E,위도 2° 대역,68–70°N,2,16,10,72.68185215126005,33.120503721494146,stefan_cci,35.575662734135925,9.673303069828869,50.79237904536906,-21.3739684932777,-38.62715115358534,-4.291730330606324,-0.905937679307165,-3.0563525419095585,3.4669447865026077,ok
Russia_E,위도 2° 대역,68–70°N,2,16,10,72.68185215126005,33.120503721494146,catboost_lo,38.50652600370017,11.450472901044584,56.04687083588961,-20.00817246600785,-40.97397362371176,4.137418877658591,2.0249255902570837,-0.19516362287962016,3.0985258297277767,ok
Russia_E,위도 2° 대역,70–72°N,3,5,4,39.656666666666666,5.656484479486057,stefan,8.116482462627578,,,6.644537210618378,,,0.0,,,blocks<8
Russia_E,위도 2° 대역,70–72°N,3,5,4,39.656666666666666,5.656484479486057,stefan_cci,4.521579806792603,,,-2.2260648043180886,,,-3.594902655834975,,,blocks<8
Russia_E,위도 2° 대역,70–72°N,3,5,4,39.656666666666666,5.656484479486057,catboost_lo,16.551734351667754,,,15.922197641529237,,,8.435251889040176,,,blocks<8
Russia_E,전체,전체,0,27,19,62.016679687675364,28.99569451473405,stefan,28.444276371760154,7.960618197205529,43.303693624970705,-9.286842066941873,-24.258509881769292,4.4309921274117,0.0,0.0,0.0,ok
Russia_E,전체,전체,0,27,19,62.016679687675364,28.99569451473405,stefan_cci,27.65674152478464,7.544755322593079,40.97104089807867,-12.203612856317042,-25.4309010944842,-0.07388979542065266,-0.7875348469755146,-2.452227445181525,2.5039478704762295,ok
Russia_E,전체,전체,0,27,19,62.016679687675364,28.99569451473405,catboost_lo,30.55493490740804,11.035110250511266,45.615209105759575,-9.022582964019666,-25.81116704649877,7.115580187510043,2.110658535647886,1.209682609337585,4.1368320731845385,ok
