region,cond,method,n_splits,n_seeds,n_cells,n_blocks,coverage,coverage_sd_seed,width_mean,interval_score,is_under,is_over,frac_inf,Q_mean,cov_ci_lo,cov_ci_hi,is_ci_lo,is_ci_hi,ci_flag
Alaska,in_domain,raw,1,1,6494,14,0.6401293501693871,,24.171875302325553,72.0755927018699,41.421290193613075,6.482427205931262,0.0,,0.562497222548379,0.8522257788785063,35.68541318517447,79.98318367948495,
Alaska,in_domain,cqr_ak,1,1,6494,14,0.9953803510933169,,71.70264365807374,72.44375237823733,0.1719097865527789,0.569198933610819,0.0,,0.9575664837484171,0.997485059866194,71.72375173910696,74.68271032375485,
Alaska,in_domain,anchor_ak,1,1,6494,14,0.9936864798275331,,83.89068897853664,85.05386662275704,0.43399137891024014,0.7291862653101545,0.0,,0.6605318699873365,0.9979042165551616,74.4384925019935,88.8874269798445,
Canada,covonly,raw,1,1,374,19,0.5026737967914439,,33.404444714593204,287.08341899735706,10.441827404874935,243.23714687788893,0.0,,0.33853722777789674,0.7318598213626633,76.94661523797278,482.20042336787975,
Canada,covonly,cqr_ak,1,1,374,19,0.5855614973262032,,39.95930662896546,264.32568399005817,7.129099699222783,217.23727766186988,0.0,3.2774309571861266,0.38820028266129897,0.8452100095962206,70.28393165949146,447.3355364420911,
Canada,covonly,cqr_iw,1,1,374,19,0.5775401069518716,,39.29253154954241,266.4363385039558,7.3529242363769916,219.79088271803633,0.0,,0.38820028266129897,0.8248940724883738,70.6298292155893,450.76591403443626,
Canada,covonly,anchor_ak,1,1,374,19,0.5721925133689839,,40.39546077408035,191.0015314039669,78.60884823390437,71.99722239598222,0.0,20.19773038704018,0.4147615156621125,0.7900999356407322,67.82041996590428,335.72370919012076,
Canada,covonly,anchor_iw,1,1,374,19,0.8048128342245989,,67.55108488778406,138.7591864136146,35.97421055667585,35.23389096915469,0.0,,0.6111363636363637,0.9554083733699382,71.36578758460637,225.09070046335458,
Canada,covonly,cqr_pseudo,1,1,374,19,0.5641711229946524,,38.07744506890932,270.44423113206363,7.873126307686023,224.49365975546831,0.0,2.336500177158058,0.3859764663054884,0.8095766590389016,71.59781363548235,457.0759777511623,
Canada,covonly,cqr_real,1,1,374,19,0.7032085561497327,,64.37648242531814,203.2258152873169,2.9240218918869627,135.92531097011175,0.0,15.486018855362474,0.4990046896079145,0.9529587765957447,73.50240201224639,334.27029754142904,
Canada,covonly,anchor_pseudo,1,1,374,19,0.22994652406417113,,15.645668081160238,315.8280689171678,165.81581435344236,134.3665864825652,0.0,7.822834040580119,0.13720064076892272,0.34032064519729865,155.04502793114852,491.0543146019894,
Canada,covonly,anchor_real,1,1,374,19,0.8155080213903744,,69.95163148268955,136.59825358927344,33.57742466932039,33.06919743726347,0.0,34.975815741344775,0.6202272727272727,0.970756119881034,73.26312393765018,217.81085243686192,
Canada,noinfo,raw,1,1,747,36,0.48728246318607765,,33.88409901255225,214.66193340205476,32.65845812922521,148.11937626027728,0.0,,0.3683645480135628,0.6179445825578919,93.50426306029301,318.44314243652434,
Canada,noinfo,cqr_ak,1,1,747,36,0.5876840696117804,,40.43896092692451,191.26527542994066,20.47586430695251,130.35045019606366,0.0,3.2774309571861266,0.47324295997468757,0.7118239771117469,84.29550252534375,291.48326508554544,
Canada,noinfo,cqr_iw,1,1,747,36,0.5742971887550201,,39.77218584750146,193.38695136979248,21.521649553394397,132.09311596889665,0.0,,0.46227258345198546,0.7011440654426265,84.94303834763093,294.0181690583013,
Canada,noinfo,anchor_ak,1,1,747,36,0.5528781793842035,,40.395460774080355,162.09712830640638,76.90754002451432,44.79412750781172,0.0,20.19773038704018,0.391767269046561,0.7052225401146265,89.57193018440522,204.06598468715652,
Canada,noinfo,anchor_iw,1,1,747,36,0.8447121820615796,,67.55108488778407,110.59936168366151,21.707215751243815,21.341061044633637,0.0,,0.7466496253042144,0.9030387730607509,78.84350525776222,141.52840402479816,
Greenland,noinfo,raw,1,1,1,1,1.0,,33.17114370525063,33.17114370525063,0.0,0.0,0.0,,,,,,blocks<8
Greenland,noinfo,cqr_ak,1,1,1,1,1.0,,39.72600561962288,39.72600561962288,0.0,0.0,0.0,3.2774309571861266,,,,,blocks<8
Greenland,noinfo,cqr_iw,1,1,1,1,1.0,,39.053557025033356,39.053557025033356,0.0,0.0,0.0,,,,,,blocks<8
Greenland,noinfo,anchor_ak,1,1,1,1,0.0,,40.39546077408036,47.78757758959617,0.0,7.392116815515806,0.0,20.19773038704018,,,,,blocks<8
Greenland,noinfo,anchor_iw,1,1,1,1,1.0,,60.25847701408034,60.25847701408034,0.0,0.0,0.0,,,,,,blocks<8
Lena,covonly,raw,1,1,1496,11,0.5207219251336899,,32.11955829643624,102.56441909597271,57.69469184644726,12.750168953089204,0.0,,0.24953565217391305,0.6317295780162785,78.00103519103585,300.06432395143315,
Lena,covonly,cqr_ak,1,1,1496,11,0.6657754010695187,,38.6744202108085,82.34790906816258,33.47602022899725,10.197468628356837,0.0,3.2774309571861266,0.41833006211180124,0.7703118011783248,64.85380547432955,267.1762877689024,
Lena,covonly,cqr_iw,1,1,1496,11,0.6724598930481284,,39.01392576256949,81.56316803817244,32.461933043518215,10.087309232084731,0.0,,0.43312285714285714,0.7724862540662188,64.41663925478973,265.73431666109985,
Lena,covonly,anchor_ak,1,1,1496,11,0.9124331550802139,,40.395460774080355,63.607315531962264,0.7831816086045805,22.428673149277316,0.0,20.19773038704018,0.6885152362799217,0.9530320161290323,50.788438530755855,370.83337290497104,
Lena,covonly,anchor_iw,1,1,1496,11,0.9632352941176471,,58.91993885785803,71.60396727295681,0.12830557590251404,12.555722839196276,0.0,,0.8240468763308065,0.9832557171514543,63.13053955938081,304.5540292313572,
Lena,covonly,cqr_pseudo,1,1,1496,11,0.1410427807486631,,10.915868811752055,226.91355320953573,189.05561933484836,26.94206506293529,0.0,-10.601844742342095,0.037701987577639755,0.19990507463659474,187.5263816217724,447.7884733278857,
Lena,covonly,cqr_real,1,1,1496,11,0.983957219251337,,68.67915997218232,74.09288778248153,0.7454302516953408,4.668297558603858,0.0,18.27980083787304,0.9340367089685717,0.9922758203884864,69.60589205770562,191.07588161478816,
Lena,covonly,anchor_pseudo,1,1,1496,11,0.5735294117647058,,19.229945864072146,89.55949789210196,23.63256836105165,46.696983666978156,0.0,9.614972932036075,0.3186997764151152,0.6337048872899843,70.45271026762035,468.4783695583545,
Lena,covonly,anchor_real,1,1,1496,11,0.9625668449197861,,58.14003680736653,71.11412700911676,0.14394532290434794,12.830144878845864,0.0,29.070018403683278,0.8240468763308065,0.9830864593781344,62.48783757148498,306.79666335255985,
Lena,noinfo,raw,1,1,2958,20,0.48782961460446245,,33.57154567046012,139.4211250149174,68.53188948303094,37.31768986142636,0.0,,0.34777037893399415,0.5741490139944645,86.68640332093482,252.10007656513017,
Lena,noinfo,cqr_ak,1,1,2958,20,0.6105476673427992,,40.12640758483237,116.27443139257687,43.18563027060722,32.96239353713729,0.0,3.2774309571861266,0.47636857963336554,0.7005600964247598,71.43273360192661,224.8654580629998,
Lena,noinfo,cqr_iw,1,1,2958,20,0.6179851250845165,,40.465913136593365,115.30540457936648,42.07999031720191,32.75950112557122,0.0,,0.48867542510513357,0.7085236969001055,70.89403367779981,223.6647227735833,
Lena,noinfo,anchor_ak,1,1,2958,20,0.8475321162947937,,40.39546077408035,96.39283998874505,3.42631957454069,52.57105964012401,0.0,20.19773038704018,0.6502548339791588,0.9160261885190262,56.72172154338942,255.69839166837505,
Lena,noinfo,anchor_iw,1,1,2958,20,0.9334009465855307,,58.91993885785803,96.5199197919524,0.1868400534512417,37.413140880643155,0.0,,0.7431579407394459,0.9714938117818569,67.00748425872436,228.19680945103096,
Russia_C,noinfo,raw,1,1,7,6,0.5714285714285714,,35.170817164480844,542.8999208258724,1.774896269736733,505.95420739165485,0.0,,,,,,blocks<8
Russia_C,noinfo,cqr_ak,1,1,7,6,0.7142857142857143,,41.7256790788531,528.9517095723015,0.0,487.2260304934484,0.0,3.2774309571861266,,,,,blocks<8
Russia_C,noinfo,cqr_iw,1,1,7,6,0.7142857142857143,,48.01479350904242,517.2719256305213,0.0,469.25713212147883,0.0,,,,,,blocks<8
Russia_C,noinfo,anchor_ak,1,1,7,6,0.42857142857142855,,40.39546077408037,511.38151214866315,79.2158427411979,391.7702086333849,0.0,20.19773038704018,,,,,blocks<8
Russia_C,noinfo,anchor_iw,1,1,7,6,0.5714285714285714,,69.18277888408034,382.9485660327272,4.245058829547536,309.5207283190993,0.0,,,,,,blocks<8
Russia_E,covonly,raw,1,1,12,9,0.5833333333333334,,34.08769197845622,112.96951706383062,10.978360390187524,67.90346469518688,0.0,,0.36363636363636365,0.8307692307692307,64.70664690218369,152.54703685782576,
Russia_E,covonly,cqr_ak,1,1,12,9,0.75,,40.64255389282847,99.11989553385126,5.316856038382441,53.160485602640364,0.0,3.2774309571861266,0.4713903743315508,0.9230769230769231,57.29674282745352,132.9486881653426,
Russia_E,covonly,cqr_iw,1,1,12,9,0.75,,44.18096468312233,93.81227934841048,2.368180379804219,47.26313428548394,0.0,,0.4713903743315508,0.9230769230769231,50.74332721777502,126.82093425624059,
Russia_E,covonly,anchor_ak,1,1,12,9,0.8333333333333334,,40.395460774080355,114.77977553409862,0.0,74.38431476001824,0.0,20.19773038704018,0.6081818181818182,1.0,40.39546077408037,187.66617589793577,
Russia_E,covonly,anchor_iw,1,1,12,9,0.8333333333333334,,65.70219546808035,97.90861907143197,0.0,32.206423603351624,0.0,,0.6081818181818182,1.0,65.70219546808035,121.59501259516915,
Russia_E,covonly,cqr_pseudo,1,1,12,9,0.5,,21.572233339744823,155.3364479767986,34.57210334508848,99.19211129196533,0.0,-6.257729319355697,0.2727272727272727,0.6666666666666666,76.0510710085192,216.45956380901498,
Russia_E,covonly,cqr_real,1,1,12,9,1.0,,185.7244575691354,185.7244575691354,0.0,0.0,0.0,75.81838279533959,1.0,1.0,182.14237305387434,187.95439303451022,
Russia_E,covonly,anchor_pseudo,1,1,12,9,0.75,,24.715593486252704,125.85328629384037,0.6202659011900143,100.51742690639769,0.0,12.35779674312635,0.5591269841269841,0.9826923076923076,24.715593486252697,225.62610893307578,
Russia_E,covonly,anchor_real,1,1,12,9,1.0,,179.3391278038026,179.3391278038026,0.0,0.0,0.0,89.66956390190131,1.0,1.0,179.33912780380263,179.33912780380265,
Russia_E,noinfo,raw,1,1,27,19,0.6296296296296297,,34.94353019753333,196.240150811479,8.128560372329108,153.16806024161653,0.0,,0.48322884012539186,0.8374530075187969,60.37325372313446,352.08552042480727,
Russia_E,noinfo,cqr_ak,1,1,27,19,0.7037037037037037,,41.498392111905574,181.58772024248708,3.1846095810186075,136.90471854956292,0.0,3.2774309571861266,0.5374712643678161,0.8879320276497696,60.12463638033014,328.64779659245266,
Russia_E,noinfo,cqr_iw,1,1,27,19,0.7407407407407407,,45.03680290219945,175.13091097546678,1.0525246132463195,129.041583460021,0.0,,0.5929545454545455,0.947465034965035,61.194258575910155,317.1612863258677,
Russia_E,noinfo,anchor_ak,1,1,27,19,0.8148148148148148,,40.39546077408036,178.57214499050036,0.0,138.17668421641994,0.0,20.19773038704018,0.669345238095238,0.9913461538461538,61.40795686868004,313.37699239514063,
Russia_E,noinfo,anchor_iw,1,1,27,19,0.8148148148148148,,65.70219546808035,157.01455617709289,0.0,91.31236070901254,0.0,,0.669345238095238,0.9913461538461538,76.92863525128226,258.30265780968875,
Russia_W,covonly,raw,1,1,12,8,0.3333333333333333,,36.62233645730311,281.793188464378,9.652710454706432,235.51814155236843,0.0,,0.08958333333333333,0.494078947368421,165.27556686628648,459.9219252380469,
Russia_W,covonly,cqr_ak,1,1,12,8,0.4166666666666667,,43.17719837167537,247.2330437224284,4.190325526062886,199.8655198246901,0.0,3.2774309571861266,0.11825396825396825,0.59625,134.55729595453968,413.9022020456027,
Russia_W,covonly,cqr_iw,1,1,12,8,0.5,,46.71560916196924,232.68236702833846,1.2416498674846643,184.7251079988845,0.0,,0.11825396825396825,0.7777777777777778,129.2976361003268,390.2059577512466,
Russia_W,covonly,anchor_ak,1,1,12,8,0.5833333333333334,,40.395460774080355,236.87531022038888,0.0,196.47984944630852,0.0,20.19773038704018,0.34015151515151515,0.75,108.75244338255615,423.3203584107454,
Russia_W,covonly,anchor_iw,1,1,12,8,0.6666666666666666,,58.91993885785801,180.27237284203963,0.0,121.35243398418163,0.0,,0.34015151515151515,0.8857638888888888,84.11964862599025,342.1184462026185,
Russia_W,covonly,cqr_pseudo,1,1,12,8,0.3333333333333333,,21.67407293303104,366.5000151019198,22.109596724933166,322.71634544395556,0.0,-7.4741317621360395,0.08958333333333333,0.494078947368421,250.18693700208485,574.4428715624838,
Russia_W,covonly,cqr_real,1,1,12,8,1.0,,184.3937999331048,184.3937999331048,0.0,0.0,0.0,73.88573173790084,1.0,1.0,180.52906194750238,186.9584678923175,
Russia_W,covonly,anchor_pseudo,1,1,12,8,0.08333333333333333,,8.688020072353096,428.69535165801676,62.197500738591295,357.80983084707236,0.0,4.344010036176549,0.0,0.28142857142857136,218.82857168060997,653.9796698696794,
Russia_W,covonly,anchor_real,1,1,12,8,1.0,,194.17314853508057,194.17314853508057,0.0,0.0,0.0,97.08657426754027,1.0,1.0,194.17314853508051,194.17314853508057,
Russia_W,noinfo,raw,1,1,28,18,0.21428571428571427,,36.150956134927185,430.9483230353174,4.136875909159899,390.6604909912303,0.0,,0.10613395225464191,0.329047619047619,300.5324156964612,595.8629951553236,
Russia_W,noinfo,cqr_ak,1,1,28,18,0.32142857142857145,,42.70581804929943,388.7231603353126,1.7958537968840942,344.2214884891292,0.0,3.2774309571861266,0.2039130434782609,0.4655128205128205,263.929523462931,546.0633122058792,
Russia_W,noinfo,cqr_iw,1,1,28,18,0.35714285714285715,,46.24422883959331,369.3444873881826,0.5321356574934276,322.56812289109587,0.0,,0.2039130434782609,0.5517094017094017,250.20180192690003,521.153555503468,
Russia_W,noinfo,anchor_ak,1,1,28,18,0.39285714285714285,,40.39546077408037,360.34398546079655,0.0,319.9485246867162,0.0,20.19773038704018,0.25375,0.5373809523809523,250.17410049625465,495.47296501334677,
Russia_W,noinfo,anchor_iw,1,1,28,18,0.5714285714285714,,58.91993885785799,282.9624649782258,0.0,224.04252612036777,0.0,,0.37931818181818183,0.7119047619047619,187.91114471098572,404.11444553018066,
Alaska_S11,in_domain_x34,raw,6,3,13606,74,0.4456,,14.65,123.91063411551812,65.73739050397336,43.52312187628749,,,0.3227,0.6167,88.04456019403369,153.7775354751781,S11 x34 v1 참조(파일)
Alaska_S11,in_domain_x34,cqr_ak,6,3,13606,74,0.9344,,53.64,68.8521236161095,2.659636362919623,12.55277102814859,,,0.8894,0.9659,58.6440086409932,94.92015877266616,S11 x34 v1 참조(파일)
