axis,region,method,bin,n,coverage,width_mean,pred_lo,pred_hi,y_mean
aoa_di,Lena,raw,inside,1870,0.40641711229946526,34.48863452023238,,,
aoa_di,Lena,raw,outside,1088,0.6277573529411765,31.995299209914037,,,
aoa_di,Lena,cqr_ak,inside,1870,0.5224598930481283,41.043496434604634,,,
aoa_di,Lena,cqr_ak,outside,1088,0.7619485294117647,38.55016112428629,,,
aoa_di,Lena,cqr_iw,inside,1870,0.532620320855615,41.38300198636562,,,
aoa_di,Lena,cqr_iw,outside,1088,0.7647058823529411,38.889666676047284,,,
aoa_di,Lena,anchor_ak,inside,1870,0.8192513368983957,40.39546077408035,,,
aoa_di,Lena,anchor_ak,outside,1088,0.8961397058823529,40.39546077408036,,,
aoa_di,Lena,anchor_iw,inside,1870,0.9144385026737968,58.91993885785802,,,
aoa_di,Lena,anchor_iw,outside,1088,0.9659926470588235,58.91993885785802,,,
aoa_di,Canada,raw,inside,354,0.3870056497175141,34.400492599469715,,,
aoa_di,Canada,raw,outside,393,0.5776081424936387,33.41895059074873,,,
aoa_di,Canada,cqr_ak,inside,354,0.4943502824858757,40.95535451384197,,,
aoa_di,Canada,cqr_ak,outside,393,0.6717557251908397,39.97381250512098,,,
aoa_di,Canada,cqr_iw,inside,354,0.4774011299435028,40.28857943441893,,,
aoa_di,Canada,cqr_iw,outside,393,0.6615776081424937,39.307037425697935,,,
aoa_di,Canada,anchor_ak,inside,354,0.4548022598870056,40.39546077408035,,,
aoa_di,Canada,anchor_ak,outside,393,0.6412213740458015,40.395460774080355,,,
aoa_di,Canada,anchor_iw,inside,354,0.8418079096045198,67.55108488778407,,,
aoa_di,Canada,anchor_iw,outside,393,0.8473282442748091,67.55108488778407,,,
aoa_di,Russia_W,raw,inside,25,0.24,35.655889145739216,,,
aoa_di,Russia_W,raw,outside,3,0.0,40.276514378160265,,,
aoa_di,Russia_W,cqr_ak,inside,25,0.36,42.21075106011147,,,
aoa_di,Russia_W,cqr_ak,outside,3,0.0,46.83137629253252,,,
aoa_di,Russia_W,cqr_iw,inside,25,0.4,45.74916185040534,,,
aoa_di,Russia_W,cqr_iw,outside,3,0.0,50.369787082826385,,,
aoa_di,Russia_W,anchor_ak,inside,25,0.4,40.39546077408036,,,
aoa_di,Russia_W,anchor_ak,outside,3,0.3333333333333333,40.39546077408036,,,
aoa_di,Russia_W,anchor_iw,inside,25,0.56,58.91993885785801,,,
aoa_di,Russia_W,anchor_iw,outside,3,0.6666666666666666,58.91993885785801,,,
aoa_di,Russia_C,raw,inside,3,0.6666666666666666,38.957092519730885,,,
aoa_di,Russia_C,raw,outside,4,0.5,32.331110648043314,,,
aoa_di,Russia_C,cqr_ak,inside,3,1.0,45.51195443410314,,,
aoa_di,Russia_C,cqr_ak,outside,4,0.5,38.88597256241557,,,
aoa_di,Russia_C,cqr_iw,inside,3,1.0,51.80106886429246,,,
aoa_di,Russia_C,cqr_iw,outside,4,0.5,45.17508699260489,,,
aoa_di,Russia_C,anchor_ak,inside,3,1.0,40.39546077408036,,,
aoa_di,Russia_C,anchor_ak,outside,4,0.0,40.39546077408036,,,
aoa_di,Russia_C,anchor_iw,inside,3,1.0,69.18277888408035,,,
aoa_di,Russia_C,anchor_iw,outside,4,0.25,69.18277888408034,,,
aoa_di,Russia_E,raw,inside,19,0.631578947368421,35.934364665360725,,,
aoa_di,Russia_E,raw,outside,8,0.625,32.590298336443226,,,
aoa_di,Russia_E,cqr_ak,inside,19,0.6842105263157895,42.489226579732986,,,
aoa_di,Russia_E,cqr_ak,outside,8,0.75,39.14516025081548,,,
aoa_di,Russia_E,cqr_iw,inside,19,0.6842105263157895,46.02763737002685,,,
aoa_di,Russia_E,cqr_iw,outside,8,0.875,42.683571041109346,,,
aoa_di,Russia_E,anchor_ak,inside,19,0.7368421052631579,40.395460774080355,,,
aoa_di,Russia_E,anchor_ak,outside,8,1.0,40.39546077408036,,,
aoa_di,Russia_E,anchor_iw,inside,19,0.7368421052631579,65.70219546808035,,,
aoa_di,Russia_E,anchor_iw,outside,8,1.0,65.70219546808036,,,
aoa_di,Greenland,raw,outside,1,1.0,33.17114370525063,,,
aoa_di,Greenland,cqr_ak,outside,1,1.0,39.72600561962288,,,
aoa_di,Greenland,cqr_iw,outside,1,1.0,39.053557025033356,,,
aoa_di,Greenland,anchor_ak,outside,1,0.0,40.39546077408036,,,
aoa_di,Greenland,anchor_iw,outside,1,1.0,60.25847701408034,,,
aoa_di,pooled_main6,raw,inside,2271,0.40378687802730073,34.505743006557175,,,
aoa_di,pooled_main6,raw,outside,1497,0.6132264529058116,32.390501428640064,,,
pred_quintile,pooled_main6,raw,P1,760,0.6460526315789473,30.19938695131445,41.48056923708535,43.650403712010274,40.38730733082706
pred_quintile,pooled_main6,raw,P2,749,0.4485981308411215,31.07175167948391,43.65174044493418,45.70871334725138,40.50472612404359
pred_quintile,pooled_main6,raw,P3,752,0.44813829787234044,32.281617018803516,45.737600969874805,49.61559315605623,42.29488742055668
pred_quintile,pooled_main6,raw,P4,753,0.48738379814077026,36.955980421900016,49.61641581097244,52.3071275836871,49.63361015229434
pred_quintile,pooled_main6,raw,P5,754,0.40318302387267907,37.82920114032115,52.31202662962612,64.03140228998502,60.39776918435635
pred_quintile,Lena,raw,P1,594,0.6784511784511784,30.034210271285094,41.93637362639141,43.29844373153273,40.76307519640853
pred_quintile,Lena,raw,P2,590,0.49322033898305084,30.916219481042244,43.298463026505765,44.71393986378369,40.30231638418079
pred_quintile,Lena,raw,P3,591,0.3790186125211506,31.678229875478007,44.71459443380097,46.84366347167831,37.963443316412864
pred_quintile,Lena,raw,P4,591,0.4754653130287648,35.6678426645356,46.847447174919054,51.42660381632063,44.068770445572476
pred_quintile,Lena,raw,P5,592,0.41216216216216217,39.56454869445054,51.42971658820917,58.53474416424157,46.780320945945945
pred_quintile,Canada,raw,P1,150,0.62,30.12781130335682,41.48056923708535,49.44333562766194,52.629356955297894
pred_quintile,Canada,raw,P2,149,0.5570469798657718,32.65067617759072,49.45275390240724,50.86171771597,50.17120317759612
pred_quintile,Canada,raw,P3,149,0.6040268456375839,35.50157933370558,50.862243005806704,54.00921820358255,52.09575151689714
pred_quintile,Canada,raw,P4,149,0.3691275167785235,36.4671377070959,54.016350097365276,57.055748349001625,73.44349968045381
pred_quintile,Canada,raw,P5,150,0.2866666666666667,34.69307118221714,57.11163489518755,64.03140228998502,85.0749593435913
aoa_di,pooled_main6,cqr_ak,inside,2271,0.5182738881549978,41.060604920929435,,,
aoa_di,pooled_main6,cqr_ak,outside,1497,0.7361389445557782,38.94536334301232,,,
pred_quintile,pooled_main6,cqr_ak,P1,760,0.7868421052631579,36.754248865686705,41.48056923708535,43.650403712010274,40.38730733082706
pred_quintile,pooled_main6,cqr_ak,P2,749,0.5887850467289719,37.62661359385616,43.65174044493418,45.70871334725138,40.50472612404359
pred_quintile,pooled_main6,cqr_ak,P3,752,0.5638297872340425,38.83647893317577,45.737600969874805,49.61559315605623,42.29488742055668
pred_quintile,pooled_main6,cqr_ak,P4,753,0.5949535192563081,43.51084233627226,49.61641581097244,52.3071275836871,49.63361015229434
pred_quintile,pooled_main6,cqr_ak,P5,754,0.4880636604774536,44.38406305469341,52.31202662962612,64.03140228998502,60.39776918435635
pred_quintile,Lena,cqr_ak,P1,594,0.8148148148148148,36.58907218565735,41.93637362639141,43.29844373153273,40.76307519640853
pred_quintile,Lena,cqr_ak,P2,590,0.6576271186440678,37.471081395414494,43.298463026505765,44.71393986378369,40.30231638418079
pred_quintile,Lena,cqr_ak,P3,591,0.49915397631133673,38.23309178985025,44.71459443380097,46.84366347167831,37.963443316412864
pred_quintile,Lena,cqr_ak,P4,591,0.5668358714043993,42.222704578907845,46.847447174919054,51.42660381632063,44.068770445572476
pred_quintile,Lena,cqr_ak,P5,592,0.5135135135135135,46.1194106088228,51.42971658820917,58.53474416424157,46.780320945945945
pred_quintile,Canada,cqr_ak,P1,150,0.7333333333333333,36.682673217729075,41.48056923708535,49.44333562766194,52.629356955297894
pred_quintile,Canada,cqr_ak,P2,149,0.6577181208053692,39.205538091962964,49.45275390240724,50.86171771597,50.17120317759612
pred_quintile,Canada,cqr_ak,P3,149,0.7181208053691275,42.05644124807783,50.862243005806704,54.00921820358255,52.09575151689714
pred_quintile,Canada,cqr_ak,P4,149,0.4697986577181208,43.021999621468154,54.016350097365276,57.055748349001625,73.44349968045381
pred_quintile,Canada,cqr_ak,P5,150,0.36,41.24793309658939,57.11163489518755,64.03140228998502,85.0749593435913
aoa_di,pooled_main6,cqr_iw,inside,2271,0.52443857331572,41.3130903554256,,,
aoa_di,pooled_main6,cqr_iw,outside,1497,0.7361389445557782,39.059422101811315,,,
pred_quintile,pooled_main6,cqr_iw,P1,760,0.7881578947368421,37.10084853566597,41.48056923708535,43.650403712010274,40.38730733082706
pred_quintile,pooled_main6,cqr_iw,P2,749,0.5941255006675568,37.968424264457084,43.65174044493418,45.70871334725138,40.50472612404359
pred_quintile,pooled_main6,cqr_iw,P3,752,0.5704787234042553,39.08675230141377,45.737600969874805,49.61559315605623,42.29488742055668
pred_quintile,pooled_main6,cqr_iw,P4,753,0.5922974767596282,43.62481413919985,49.61641581097244,52.3071275836871,49.63361015229434
pred_quintile,pooled_main6,cqr_iw,P5,754,0.4960212201591512,44.31865470148271,52.31202662962612,64.03140228998502,60.39776918435635
pred_quintile,Lena,cqr_iw,P1,594,0.8164983164983165,36.928577737418344,41.93637362639141,43.29844373153273,40.76307519640853
pred_quintile,Lena,cqr_iw,P2,590,0.6627118644067796,37.81058694717549,43.298463026505765,44.71393986378369,40.30231638418079
pred_quintile,Lena,cqr_iw,P3,591,0.5126903553299492,38.57259734161125,44.71459443380097,46.84366347167831,37.963443316412864
pred_quintile,Lena,cqr_iw,P4,591,0.5668358714043993,42.56221013066884,46.847447174919054,51.42660381632063,44.068770445572476
pred_quintile,Lena,cqr_iw,P5,592,0.5304054054054054,46.45891616058378,51.42971658820917,58.53474416424157,46.780320945945945
pred_quintile,Canada,cqr_iw,P1,150,0.7266666666666667,36.01589813830603,41.48056923708535,49.44333562766194,52.629356955297894
pred_quintile,Canada,cqr_iw,P2,149,0.6375838926174496,38.53876301253992,49.45275390240724,50.86171771597,50.17120317759612
pred_quintile,Canada,cqr_iw,P3,149,0.6912751677852349,41.389666168654784,50.862243005806704,54.00921820358255,52.09575151689714
pred_quintile,Canada,cqr_iw,P4,149,0.4563758389261745,42.35522454204511,54.016350097365276,57.055748349001625,73.44349968045381
pred_quintile,Canada,cqr_iw,P5,150,0.36,40.581158017166345,57.11163489518755,64.03140228998502,85.0749593435913
aoa_di,pooled_main6,anchor_ak,inside,2271,0.7573756054601497,40.395460774080355,,,
aoa_di,pooled_main6,anchor_ak,outside,1497,0.8256513026052105,40.395460774080355,,,
pred_quintile,pooled_main6,anchor_ak,P1,760,0.9157894736842105,40.395460774080355,41.48056923708535,43.650403712010274,40.38730733082706
pred_quintile,pooled_main6,anchor_ak,P2,749,0.8397863818424566,40.39546077408035,43.65174044493418,45.70871334725138,40.50472612404359
pred_quintile,pooled_main6,anchor_ak,P3,752,0.8031914893617021,40.395460774080355,45.737600969874805,49.61559315605623,42.29488742055668
pred_quintile,pooled_main6,anchor_ak,P4,753,0.7410358565737052,40.395460774080355,49.61641581097244,52.3071275836871,49.63361015229434
pred_quintile,pooled_main6,anchor_ak,P5,754,0.6220159151193634,40.395460774080355,52.31202662962612,64.03140228998502,60.39776918435635
pred_quintile,Lena,anchor_ak,P1,594,0.9242424242424242,40.39546077408036,41.93637362639141,43.29844373153273,40.76307519640853
pred_quintile,Lena,anchor_ak,P2,590,0.864406779661017,40.395460774080355,43.298463026505765,44.71393986378369,40.30231638418079
pred_quintile,Lena,anchor_ak,P3,591,0.8409475465313029,40.395460774080355,44.71459443380097,46.84366347167831,37.963443316412864
pred_quintile,Lena,anchor_ak,P4,591,0.8257191201353637,40.395460774080355,46.847447174919054,51.42660381632063,44.068770445572476
pred_quintile,Lena,anchor_ak,P5,592,0.7820945945945946,40.395460774080355,51.42971658820917,58.53474416424157,46.780320945945945
pred_quintile,Canada,anchor_ak,P1,150,0.6533333333333333,40.395460774080355,41.48056923708535,49.44333562766194,52.629356955297894
pred_quintile,Canada,anchor_ak,P2,149,0.5906040268456376,40.39546077408035,49.45275390240724,50.86171771597,50.17120317759612
pred_quintile,Canada,anchor_ak,P3,149,0.6375838926174496,40.39546077408035,50.862243005806704,54.00921820358255,52.09575151689714
pred_quintile,Canada,anchor_ak,P4,149,0.40268456375838924,40.39546077408035,54.016350097365276,57.055748349001625,73.44349968045381
pred_quintile,Canada,anchor_ak,P5,150,0.48,40.395460774080355,57.11163489518755,64.03140228998502,85.0749593435913
aoa_di,pooled_main6,anchor_iw,inside,2271,0.8978423601937473,60.33564871706836,,,
aoa_di,pooled_main6,anchor_iw,outside,1497,0.9325317301269205,61.25039199139432,,,
pred_quintile,pooled_main6,anchor_iw,P1,760,0.9697368421052631,58.949143672661144,41.48056923708535,43.650403712010274,40.38730733082706
pred_quintile,pooled_main6,anchor_iw,P2,749,0.9385847797062751,59.05575309409221,43.65174044493418,45.70871334725138,40.50472612404359
pred_quintile,pooled_main6,anchor_iw,P3,752,0.9242021276595744,60.749753616647844,45.737600969874805,49.61559315605623,42.29488742055668
pred_quintile,pooled_main6,anchor_iw,P4,753,0.8764940239043825,61.44478488397709,49.61641581097244,52.3071275836871,49.63361015229434
pred_quintile,pooled_main6,anchor_iw,P5,754,0.8488063660477454,63.300065055077056,52.31202662962612,64.03140228998502,60.39776918435635
pred_quintile,Lena,anchor_iw,P1,594,0.9747474747474747,58.919938857858014,41.93637362639141,43.29844373153273,40.76307519640853
pred_quintile,Lena,anchor_iw,P2,590,0.9440677966101695,58.91993885785803,43.298463026505765,44.71393986378369,40.30231638418079
pred_quintile,Lena,anchor_iw,P3,591,0.949238578680203,58.91993885785802,44.71459443380097,46.84366347167831,37.963443316412864
pred_quintile,Lena,anchor_iw,P4,591,0.9137055837563451,58.91993885785802,46.847447174919054,51.42660381632063,44.068770445572476
pred_quintile,Lena,anchor_iw,P5,592,0.8851351351351351,58.91993885785802,51.42971658820917,58.53474416424157,46.780320945945945
pred_quintile,Canada,anchor_iw,P1,150,0.8866666666666667,67.55108488778406,41.48056923708535,49.44333562766194,52.629356955297894
pred_quintile,Canada,anchor_iw,P2,149,0.87248322147651,67.55108488778406,49.45275390240724,50.86171771597,50.17120317759612
pred_quintile,Canada,anchor_iw,P3,149,0.9060402684563759,67.55108488778406,50.862243005806704,54.00921820358255,52.09575151689714
pred_quintile,Canada,anchor_iw,P4,149,0.7718120805369127,67.55108488778406,54.016350097365276,57.055748349001625,73.44349968045381
pred_quintile,Canada,anchor_iw,P5,150,0.7866666666666666,67.55108488778404,57.11163489518755,64.03140228998502,85.0749593435913
